doc_id,title,doc_type,url,verdict,http_status,final_url,note
1,Έλεγχος και προστασία του Δομημένου Περιβάλλοντος και άλλες διατάξεις,law,http://portal.tee.gr/portal/page/portal/TEE/MyTEE/auth4495/n4495.pdf,OK,200,,
2,Σχέδιο Δράσης για την Καταπολέμηση της Ενεργειακής Ένδειας,reference,https://ypen.gov.gr/wp-content/uploads/2021/10/ΥΠΕΝ_ΓΔΕ_89335_5599_27.09.2021_ΥΑ-Σχεδίου-Δράσης-για-την-καταπολέμηση-της-ενεργειακής-ένδειας_ΦΕΚ-4447-Β_28.09.2021.pdf,OK_REDIRECT,200,https://ypen.gov.gr/wp-content/uploads/2021/10/%CE%A5%CE%A0%CE%95%CE%9D_%CE%93%CE%94%CE%95_89335_5599_27.09.2021_%CE%A5%CE%91-%CE%A3%CF%87%CE%B5%CE%B4%CE%AF%CE%BF%CF%85-%CE%94%CF%81%CE%AC%CF%83%CE%B7%CF%82-%CE%B3%CE%B9%CE%B1-%CF%84%CE%B7%CE%BD-%CE%BA%CE%B1%CF%84%CE%B1%CF%80%CE%BF%CE%BB%CE%AD%CE%BC%CE%B7%CF%83%CE%B7-%CF%84%CE%B7%CF%82-%CE%B5%CE%BD%CE%B5%CF%81%CE%B3%CE%B5%CE%B9%CE%B1%CE%BA%CE%AE%CF%82-%CE%AD%CE%BD%CE%B4%CE%B5%CE%B9%CE%B1%CF%82_%CE%A6%CE%95%CE%9A-4447-%CE%92_28.09.2021.pdf,
3,Οδηγίες Απόδοσης Συμβολισμών,reference,https://ypen.gov.gr/wp-content/uploads/legacy/Files/Xorotaxia%20kai%20Astiko%20Perivallon/Poleodomia/Nomothesia/Odigies%20Apodosis%20Symvolismon.pdf,OK,200,,
4,"άρθρο 2,3 Νόμος 2508/1987",reference,https://ypen.gov.gr/wp-content/uploads/legacy/Files/Xorotaxia%20kai%20Astiko%20Perivallon/Poleodomia/Nomothesia/N-2508-97.pdf,OK,200,,
5,Απάντηση για δόμηση σε οικισμό (πληθ. <2.000 κατ.),reference,https://ypen.gov.gr/wp-content/uploads/legacy/Files/Xorotaxia%20kai%20Astiko%20Perivallon/Poleodomia/Nomothesia/LADAS%2021574.pdf,OK,200,,
6,Πρόσκληση για υποβολή απόψεων σχετικά με την τροποποίηση διατάξεων Π. ,reference,https://ypen.gov.gr/wp-content/uploads/legacy/Files/Xorotaxia%20kai%20Astiko%20Perivallon/Poleodomia/Nomothesia/Ypoboli%20apopseon.pdf,OK,200,,
7,Oδηγίες για τα απαιτούμενα δικαιολογητικά στοιχεία πληρότητας φακέλου ,reference,https://ypen.gov.gr/wp-content/uploads/legacy/Files/Xorotaxia%20kai%20Astiko%20Perivallon/Poleodomia/Nomothesia/Elegxow%20Plirotitas.pdf,OK,200,,
8,ΥΑ (ΦΕΚ B’ 4862/15.09.2022) – ΤΡΟΠΟΠΟΙΗΣΗ ΣΤΟΙΧΕΙΩΝ ΒΕΒΑΙΩΣΗΣ ΣΥΝΔΕΣΗΣ,circular,https://web.tee.gr/wp-content/uploads/2022-09-15_ΦΕΚ-Β-4862_ΥΑ-ΒΕΒΑΙΩΣΗΣ-ΤΡΟΠΟΠ-.pdf,OK_REDIRECT,200,https://web.tee.gr/wp-content/uploads/2022-09-15_%CE%A6%CE%95%CE%9A-%CE%92-4862_%CE%A5%CE%91-%CE%92%CE%95%CE%92%CE%91%CE%99%CE%A9%CE%A3%CE%97%CE%A3-%CE%A4%CE%A1%CE%9F%CE%A0%CE%9F%CE%A0-.pdf,
9,"Ν 4951 (ΦΕΚ A’ 129/2022) – άρθρα 155, 156, 157 – ΤΡΟΠΟΛΟΓΙΕΣ ΟΙΚ. ΑΔΕΙ",circular,https://web.tee.gr/wp-content/uploads/FEK-2022-Tefxos-A-00129.pdf,OK,200,,
10,ΥΑ (ΦΕΚ B’ 6548/31.12.2021) – ΣΤΟΙΧΕΙΑ ΓΙΑ ΒΕΒΑΙΩΣΗ ΣΥΝΔΕΣΗΣ ΜΕ ΔΕΔΔΗΕ,circular,https://web.tee.gr/wp-content/uploads/FEK-2021-Tefxos-B-06548.pdf,OK,200,,
11,Ν 4688 (ΦΕΚ Α 101/2020) – άρθρο 51 – ΑΔΕΙΟΔΟΤΗΣΗ ΤΟΥΡΙΣΤΙΚΩΝ ΕΠΕΝΔΥΣΕΩ,circular,https://web.tee.gr/wp-content/uploads/2020-05-24_N4688_ar51_EYPATE.pdf,OK,200,,
12,ΥΑ (ΦΕΚ Β 1843/2020) 13-5-2020 Mικρή κλίμακα,circular,https://web.tee.gr/wp-content/uploads/2020-05-13_YA-fek-B1843_mikriklimaka.pdf,OK,200,,
13,ΠΝΠ 30-03-2020 Παρατάσεις λόγω COVID-19,circular,https://web.tee.gr/wp-content/uploads/2020-03-30_pnp-prothesmies-covid19-ar54.pdf,OK,200,,
14,2019-05-24 N4613 αρθ 14-19 Ο.Α. ΠΥΡΟΠΛΗΚΤΑ,circular,https://web.tee.gr/wp-content/uploads/2019-05-24_N4613_ar14-19.pdf,OK,200,,
15,2018-12-12 ΔΑΕΦΚ 14531 Σ.Σ. ΠΥΡΟΠΛΗΚΤΑ,circular,https://web.tee.gr/wp-content/uploads/2018-12-12_DAEFK14531.pdf,OK,200,,
16,2018-12-03 N4579 αρθ 25 ΤΡΟΠΟΣ ΔΟΜΗΣΗΣ ΠΥΡΟΠΛΗΚΤΑ,circular,https://web.tee.gr/wp-content/uploads/2018-12-03_N4579_ar25.pdf,OK,200,,
17,2018-11-27 N4576 αρθ 5 ΔΑΣΙΚΑ ΠΥΡΟΠΛΗΚΤΑ,circular,https://web.tee.gr/wp-content/uploads/2018-11-27_N4576_ar5.pdf,OK,200,,
18,2018-08-08 ΔΑΕΦΚ 8706 ΠΕΡΙΟΧΕΣ ΠΥΡΟΠΛΗΚΤΑ,circular,https://web.tee.gr/wp-content/uploads/2018-08-08_DAEFK8706.pdf,OK,200,,
19,ΕΓΓΡΑΦΟ ΥΠΕΚΑ (10/06/2019 ) – ΔΙΑΧΩΡΙΣΜΟΣ ΙΔΙΟΚΤΗΣΙΩΝ,circular,https://web.tee.gr/wp-content/uploads/2019-06-10_EGGRAFO-DAOKA-DIAXWRISMOS.pdf,OK,200,,
20,ΥΑ (ΦΕΚ Β 1049/2019) – ΑΝΑΘΕΩΡΗΣΕΙΣ ΕΝΤΥΠΩΝ ΑΔΕΙΩΝ,circular,https://web.tee.gr/wp-content/uploads/2019-03-29_YA-FEK-B-1049_anathewriseis.pdf,OK,200,,
21,N 4602 (ΦΕΚ Α 45/2019) άρθρο 65 ΤΡΟΠΟΛΟΓΙΕΣ,circular,https://web.tee.gr/wp-content/uploads/2019-03-09_N4602_arth65_tropologies.pdf,OK,200,,
22,N 4585 (ΦΕΚ Α 216/2018) – άρθρο 13 – ΤΡΟΠΟΛΟΓΙΕΣ,circular,https://web.tee.gr/wp-content/uploads/2018-12-24_N4585_arth13-tropologies.pdf,OK,200,,
23,ΥΑ (ΦΕΚ Β 5716/2018) – ΕΝΤΥΠΑ ΠΡΑΞΕΩΝ,circular,https://web.tee.gr/wp-content/uploads/2018-12-19_YA-FEK-B-5716_entypa-praxewn.pdf,OK,200,,
24,ΥΑ (ΦΕΚ Β 4747/2018) – ΜΕΤΑΒΑΤΙΚΕΣ ΔΙΑΤΑΞΕΙΣ,circular,https://web.tee.gr/wp-content/uploads/2018-10-23_YA-FEK-C2-4747_metavatikes-diataxeis.pdf,OK,200,,
25,ΥΑ (ΦΕΚ Β 4520/2018) – ΔΙΑΔΙΚΑΣΙΕΣ ΕΚΔΟΣΗΣ ΕΕΔΜΚ,circular,https://web.tee.gr/wp-content/uploads/2018-10-16_YA-FEK-B-4520_mikri-klimaka.pdf,OK,200,,
26,ΥΑ (ΦΕΚ Β 3136/2018) – ΗΛΕΚΤΡΟΝΙΚΕΣ ΔΙΑΔΙΚΑΣΙΕΣ,circular,https://web.tee.gr/wp-content/uploads/2018-07-31_YA-FEK-B-3136_hlektronikes-diadikasies.pdf,OK,200,,
27,N 4546 (ΦΕΚ Α 101/2018) – άρθρο 34 παρ 18-24 – ΤΡΟΠΟΛΟΓΙΕΣ,circular,https://web.tee.gr/wp-content/uploads/2018-06-12_N4546_arth34-par18-24_tropologies_0.pdf,OK,200,,
28,Ν 4495 (ΦΕΚ Α 167/2017) – άρθρα 28-43,circular,https://web.tee.gr/wp-content/uploads/2017-11-03_N4495_arth28-43.pdf,OK,200,,
29,Ν 4030 (ΦΕΚ Α 249/2011) – άρθρα 1-9,circular,https://web.tee.gr/wp-content/uploads/2011-11-25_N4030-arth1-9.pdf,OK,200,,
30,Interoperability of IAPR Systems,circular,https://www.aade.gr/sites/default/files/2020-10/ATT01682.pdf,OK,200,,
31,Download file (Update 31-05-2022),circular,https://www.aade.gr/sites/default/files/2022-05/FAQs_E9_ENFIA_1.pdf,OK,200,,
32,Α. 1061 /13-03-2026,circular,https://www.aade.gr/sites/default/files/2026-03/a1061ada.pdf,OK,200,,
33,Α. 1063 /13-03-2026,circular,https://www.aade.gr/sites/default/files/2026-03/A_1063_2026_ada.pdf,OK,200,,
34,Α. 1014 /25-01-2024,circular,https://www.aade.gr/sites/default/files/2024-02/a1014ada.pdf,OK,200,,
35,Α. 1099 /04-07-2023,circular,http://www.aade.gr/sites/default/files/2023-07/a.1099_2023fek.pdf,OK_REDIRECT,200,https://www.aade.gr/sites/default/files/2023-07/a.1099_2023fek.pdf,
36,Α. 1085 /30-05-2023,circular,https://www.aade.gr/sites/default/files/2023-06/a_1085_2023.pdf,OK,200,,
37,Α. 1057 /27-04-2023,circular,https://www.aade.gr/sites/default/files/2023-04/a_1057ada.pdf,OK,200,,
38,General table of ENFIA zone prices for the years 2018 to 2021,circular,https://www.aade.gr/sites/default/files/2019-01/pinakas%28tz%29_0.pdf,OK,200,,
39,e-ΕΦΚΑ - insurance contributions for construction technical works (κοι,guide,https://www.e-efka.gov.gr/el/sychnes-eroteseis/asphalisi-eisphores/ergodotes/apd/koinon-epicheireseon-oikodomotechnikon-ergon,OK,200,,
40,e-ΕΦΚΑ - registration of private construction technical works (ένσημα/,guide,https://www.e-efka.gov.gr/el/sychnes-eroteseis/asphalisi-eisphores/ergodotes/metroo-ergodoton/elektronikes-yperesies-0/apographe-idiotikon-oikodomotechnikon-ergon-0,OK,200,,
41,Δ 537/2026,circular,https://ia37rg02wpsa01.blob.core.windows.net/fek/04/2026/20260400537.pdf,OK,200,,
42,Δ 530/2026,circular,https://ia37rg02wpsa01.blob.core.windows.net/fek/04/2026/20260400530.pdf,OK,200,,
43,Δ 536/2026,circular,https://ia37rg02wpsa01.blob.core.windows.net/fek/04/2026/20260400536.pdf,OK,200,,
44,Δ 528/2026,circular,https://ia37rg02wpsa01.blob.core.windows.net/fek/04/2026/20260400528.pdf,OK,200,,
45,Δ 529/2026,circular,https://ia37rg02wpsa01.blob.core.windows.net/fek/04/2026/20260400529.pdf,OK,200,,
46,Α 103/2026,law,https://ia37rg02wpsa01.blob.core.windows.net/fek/01/2026/20260100103.pdf,OK,200,,
47,Δ 526/2026,circular,https://ia37rg02wpsa01.blob.core.windows.net/fek/04/2026/20260400526.pdf,OK,200,,
48,Δ 525/2026,circular,https://ia37rg02wpsa01.blob.core.windows.net/fek/04/2026/20260400525.pdf,OK,200,,
49,Δ 533/2026,circular,https://ia37rg02wpsa01.blob.core.windows.net/fek/04/2026/20260400533.pdf,OK,200,,
50,Δ 532/2026,circular,https://ia37rg02wpsa01.blob.core.windows.net/fek/04/2026/20260400532.pdf,OK,200,,
51,Δ 531/2026,circular,https://ia37rg02wpsa01.blob.core.windows.net/fek/04/2026/20260400531.pdf,OK,200,,
52,Δ 534/2026,circular,https://ia37rg02wpsa01.blob.core.windows.net/fek/04/2026/20260400534.pdf,OK,200,,
53,Δ 527/2026,circular,https://ia37rg02wpsa01.blob.core.windows.net/fek/04/2026/20260400527.pdf,OK,200,,
54,Δ 535/2026,circular,https://ia37rg02wpsa01.blob.core.windows.net/fek/04/2026/20260400535.pdf,OK,200,,
55,Α 102/2026,law,https://ia37rg02wpsa01.blob.core.windows.net/fek/01/2026/20260100102.pdf,OK,200,,
56,Δ 520/2026,circular,https://ia37rg02wpsa01.blob.core.windows.net/fek/04/2026/20260400520.pdf,OK,200,,
57,Δ 519/2026,circular,https://ia37rg02wpsa01.blob.core.windows.net/fek/04/2026/20260400519.pdf,OK,200,,
58,Δ 524/2026,circular,https://ia37rg02wpsa01.blob.core.windows.net/fek/04/2026/20260400524.pdf,OK,200,,
59,Δ 518/2026,circular,https://ia37rg02wpsa01.blob.core.windows.net/fek/04/2026/20260400518.pdf,OK,200,,
60,Δ 517/2026,circular,https://ia37rg02wpsa01.blob.core.windows.net/fek/04/2026/20260400517.pdf,OK,200,,
61,Δ 513/2026,circular,https://ia37rg02wpsa01.blob.core.windows.net/fek/04/2026/20260400513.pdf,OK,200,,
62,Δ 512/2026,circular,https://ia37rg02wpsa01.blob.core.windows.net/fek/04/2026/20260400512.pdf,OK,200,,
63,Δ 515/2026,circular,https://ia37rg02wpsa01.blob.core.windows.net/fek/04/2026/20260400515.pdf,OK,200,,
64,Δ 516/2026,circular,https://ia37rg02wpsa01.blob.core.windows.net/fek/04/2026/20260400516.pdf,OK,200,,
65,Δ 514/2026,circular,https://ia37rg02wpsa01.blob.core.windows.net/fek/04/2026/20260400514.pdf,OK,200,,
66,Δ 522/2026,circular,https://ia37rg02wpsa01.blob.core.windows.net/fek/04/2026/20260400522.pdf,OK,200,,
67,Δ 523/2026,circular,https://ia37rg02wpsa01.blob.core.windows.net/fek/04/2026/20260400523.pdf,OK,200,,
68,Δ 509/2026,circular,https://ia37rg02wpsa01.blob.core.windows.net/fek/04/2026/20260400509.pdf,OK,200,,
69,Δ 508/2026,circular,https://ia37rg02wpsa01.blob.core.windows.net/fek/04/2026/20260400508.pdf,OK,200,,
70,Δ 511/2026,circular,https://ia37rg02wpsa01.blob.core.windows.net/fek/04/2026/20260400511.pdf,OK,200,,
71,Δ 507/2026,circular,https://ia37rg02wpsa01.blob.core.windows.net/fek/04/2026/20260400507.pdf,OK,200,,
72,Α 101/2026,law,https://ia37rg02wpsa01.blob.core.windows.net/fek/01/2026/20260100101.pdf,OK,200,,
73,Δ 505/2026,circular,https://ia37rg02wpsa01.blob.core.windows.net/fek/04/2026/20260400505.pdf,OK,200,,
74,Δ 510/2026,circular,https://ia37rg02wpsa01.blob.core.windows.net/fek/04/2026/20260400510.pdf,OK,200,,
75,Α 98/2026,law,https://ia37rg02wpsa01.blob.core.windows.net/fek/01/2026/20260100098.pdf,OK,200,,
76,Α 99/2026,law,https://ia37rg02wpsa01.blob.core.windows.net/fek/01/2026/20260100099.pdf,OK,200,,
77,Α 100/2026,law,https://ia37rg02wpsa01.blob.core.windows.net/fek/01/2026/20260100100.pdf,OK,200,,
78,Δ 502/2026,circular,https://ia37rg02wpsa01.blob.core.windows.net/fek/04/2026/20260400502.pdf,OK,200,,
79,Δ 504/2026,circular,https://ia37rg02wpsa01.blob.core.windows.net/fek/04/2026/20260400504.pdf,OK,200,,
80,Δ 501/2026,circular,https://ia37rg02wpsa01.blob.core.windows.net/fek/04/2026/20260400501.pdf,OK,200,,
81,Δ 499/2026,circular,https://ia37rg02wpsa01.blob.core.windows.net/fek/04/2026/20260400499.pdf,OK,200,,
82,Δ 500/2026,circular,https://ia37rg02wpsa01.blob.core.windows.net/fek/04/2026/20260400500.pdf,OK,200,,
83,Δ 498/2026,circular,https://ia37rg02wpsa01.blob.core.windows.net/fek/04/2026/20260400498.pdf,OK,200,,
84,Δ 506/2026,circular,https://ia37rg02wpsa01.blob.core.windows.net/fek/04/2026/20260400506.pdf,OK,200,,
85,Δ 503/2026,circular,https://ia37rg02wpsa01.blob.core.windows.net/fek/04/2026/20260400503.pdf,OK,200,,
86,Α 95/2026,law,https://ia37rg02wpsa01.blob.core.windows.net/fek/01/2026/20260100095.pdf,OK,200,,
87,Α 96/2026,law,https://ia37rg02wpsa01.blob.core.windows.net/fek/01/2026/20260100096.pdf,OK,200,,
88,Α 97/2026,law,https://ia37rg02wpsa01.blob.core.windows.net/fek/01/2026/20260100097.pdf,OK,200,,
89,Δ 495/2026,circular,https://ia37rg02wpsa01.blob.core.windows.net/fek/04/2026/20260400495.pdf,OK,200,,
90,Δ 496/2026,circular,https://ia37rg02wpsa01.blob.core.windows.net/fek/04/2026/20260400496.pdf,OK,200,,
91,Δ 490/2026,circular,https://ia37rg02wpsa01.blob.core.windows.net/fek/04/2026/20260400490.pdf,OK,200,,
92,Δ 494/2026,circular,https://ia37rg02wpsa01.blob.core.windows.net/fek/04/2026/20260400494.pdf,OK,200,,
93,Δ 497/2026,circular,https://ia37rg02wpsa01.blob.core.windows.net/fek/04/2026/20260400497.pdf,OK,200,,
94,Δ 491/2026,circular,https://ia37rg02wpsa01.blob.core.windows.net/fek/04/2026/20260400491.pdf,OK,200,,
95,Δ 493/2026,circular,https://ia37rg02wpsa01.blob.core.windows.net/fek/04/2026/20260400493.pdf,OK,200,,
96,Δ 492/2026,circular,https://ia37rg02wpsa01.blob.core.windows.net/fek/04/2026/20260400492.pdf,OK,200,,
97,Δ 482/2026,circular,https://ia37rg02wpsa01.blob.core.windows.net/fek/04/2026/20260400482.pdf,OK,200,,
98,Δ 487/2026,circular,https://ia37rg02wpsa01.blob.core.windows.net/fek/04/2026/20260400487.pdf,OK,200,,
99,Δ 480/2026,circular,https://ia37rg02wpsa01.blob.core.windows.net/fek/04/2026/20260400480.pdf,OK,200,,
100,Δ 486/2026,circular,https://ia37rg02wpsa01.blob.core.windows.net/fek/04/2026/20260400486.pdf,OK,200,,
101,Δ 483/2026,circular,https://ia37rg02wpsa01.blob.core.windows.net/fek/04/2026/20260400483.pdf,OK,200,,
102,Δ 489/2026,circular,https://ia37rg02wpsa01.blob.core.windows.net/fek/04/2026/20260400489.pdf,OK,200,,
103,Δ 479/2026,circular,https://ia37rg02wpsa01.blob.core.windows.net/fek/04/2026/20260400479.pdf,OK,200,,
104,Δ 481/2026,circular,https://ia37rg02wpsa01.blob.core.windows.net/fek/04/2026/20260400481.pdf,OK,200,,
105,Δ 484/2026,circular,https://ia37rg02wpsa01.blob.core.windows.net/fek/04/2026/20260400484.pdf,OK,200,,
106,Δ 485/2026,circular,https://ia37rg02wpsa01.blob.core.windows.net/fek/04/2026/20260400485.pdf,OK,200,,
107,Δ 488/2026,circular,https://ia37rg02wpsa01.blob.core.windows.net/fek/04/2026/20260400488.pdf,OK,200,,
108,Δ 470/2026,circular,https://ia37rg02wpsa01.blob.core.windows.net/fek/04/2026/20260400470.pdf,OK,200,,
109,Α 90/2026,law,https://ia37rg02wpsa01.blob.core.windows.net/fek/01/2026/20260100090.pdf,OK,200,,
110,Α 91/2026,law,https://ia37rg02wpsa01.blob.core.windows.net/fek/01/2026/20260100091.pdf,OK,200,,
111,Α 92/2026,law,https://ia37rg02wpsa01.blob.core.windows.net/fek/01/2026/20260100092.pdf,OK,200,,
112,Α 93/2026,law,https://ia37rg02wpsa01.blob.core.windows.net/fek/01/2026/20260100093.pdf,OK,200,,
113,Α 94/2026,law,https://ia37rg02wpsa01.blob.core.windows.net/fek/01/2026/20260100094.pdf,OK,200,,
114,Δ 467/2026,circular,https://ia37rg02wpsa01.blob.core.windows.net/fek/04/2026/20260400467.pdf,OK,200,,
115,Δ 466/2026,circular,https://ia37rg02wpsa01.blob.core.windows.net/fek/04/2026/20260400466.pdf,OK,200,,
116,Δ 471/2026,circular,https://ia37rg02wpsa01.blob.core.windows.net/fek/04/2026/20260400471.pdf,OK,200,,
117,Δ 472/2026,circular,https://ia37rg02wpsa01.blob.core.windows.net/fek/04/2026/20260400472.pdf,OK,200,,
118,Δ 473/2026,circular,https://ia37rg02wpsa01.blob.core.windows.net/fek/04/2026/20260400473.pdf,OK,200,,
119,Δ 474/2026,circular,https://ia37rg02wpsa01.blob.core.windows.net/fek/04/2026/20260400474.pdf,OK,200,,
120,Δ 475/2026,circular,https://ia37rg02wpsa01.blob.core.windows.net/fek/04/2026/20260400475.pdf,OK,200,,
121,Δ 478/2026,circular,https://ia37rg02wpsa01.blob.core.windows.net/fek/04/2026/20260400478.pdf,OK,200,,
122,Δ 477/2026,circular,https://ia37rg02wpsa01.blob.core.windows.net/fek/04/2026/20260400477.pdf,OK,200,,
123,Δ 476/2026,circular,https://ia37rg02wpsa01.blob.core.windows.net/fek/04/2026/20260400476.pdf,OK,200,,
124,Δ 468/2026,circular,https://ia37rg02wpsa01.blob.core.windows.net/fek/04/2026/20260400468.pdf,OK,200,,
125,Δ 469/2026,circular,https://ia37rg02wpsa01.blob.core.windows.net/fek/04/2026/20260400469.pdf,OK,200,,
126,Α 89/2026,law,https://ia37rg02wpsa01.blob.core.windows.net/fek/01/2026/20260100089.pdf,OK,200,,
127,Α 88/2026,law,https://ia37rg02wpsa01.blob.core.windows.net/fek/01/2026/20260100088.pdf,OK,200,,
128,Δ 452/2026,circular,https://ia37rg02wpsa01.blob.core.windows.net/fek/04/2026/20260400452.pdf,OK,200,,
129,Δ 454/2026,circular,https://ia37rg02wpsa01.blob.core.windows.net/fek/04/2026/20260400454.pdf,OK,200,,
130,Δ 465/2026,circular,https://ia37rg02wpsa01.blob.core.windows.net/fek/04/2026/20260400465.pdf,OK,200,,
131,Δ 461/2026,circular,https://ia37rg02wpsa01.blob.core.windows.net/fek/04/2026/20260400461.pdf,OK,200,,
132,Δ 460/2026,circular,https://ia37rg02wpsa01.blob.core.windows.net/fek/04/2026/20260400460.pdf,OK,200,,
133,Δ 459/2026,circular,https://ia37rg02wpsa01.blob.core.windows.net/fek/04/2026/20260400459.pdf,OK,200,,
134,Δ 462/2026,circular,https://ia37rg02wpsa01.blob.core.windows.net/fek/04/2026/20260400462.pdf,OK,200,,
135,Δ 458/2026,circular,https://ia37rg02wpsa01.blob.core.windows.net/fek/04/2026/20260400458.pdf,OK,200,,
136,Δ 456/2026,circular,https://ia37rg02wpsa01.blob.core.windows.net/fek/04/2026/20260400456.pdf,OK,200,,
137,Δ 457/2026,circular,https://ia37rg02wpsa01.blob.core.windows.net/fek/04/2026/20260400457.pdf,OK,200,,
138,Δ 464/2026,circular,https://ia37rg02wpsa01.blob.core.windows.net/fek/04/2026/20260400464.pdf,OK,200,,
139,Δ 463/2026,circular,https://ia37rg02wpsa01.blob.core.windows.net/fek/04/2026/20260400463.pdf,OK,200,,
140,Α 87/2026,law,https://ia37rg02wpsa01.blob.core.windows.net/fek/01/2026/20260100087.pdf,OK,200,,
141,Δ 453/2026,circular,https://ia37rg02wpsa01.blob.core.windows.net/fek/04/2026/20260400453.pdf,OK,200,,
142,Δ 455/2026,circular,https://ia37rg02wpsa01.blob.core.windows.net/fek/04/2026/20260400455.pdf,OK,200,,
143,Δ 443/2026,circular,https://ia37rg02wpsa01.blob.core.windows.net/fek/04/2026/20260400443.pdf,OK,200,,
144,Δ 437/2026,circular,https://ia37rg02wpsa01.blob.core.windows.net/fek/04/2026/20260400437.pdf,OK,200,,
145,Δ 439/2026,circular,https://ia37rg02wpsa01.blob.core.windows.net/fek/04/2026/20260400439.pdf,OK,200,,
146,Δ 442/2026,circular,https://ia37rg02wpsa01.blob.core.windows.net/fek/04/2026/20260400442.pdf,OK,200,,
147,Δ 438/2026,circular,https://ia37rg02wpsa01.blob.core.windows.net/fek/04/2026/20260400438.pdf,OK,200,,
148,Δ 445/2026,circular,https://ia37rg02wpsa01.blob.core.windows.net/fek/04/2026/20260400445.pdf,OK,200,,
149,Δ 447/2026,circular,https://ia37rg02wpsa01.blob.core.windows.net/fek/04/2026/20260400447.pdf,OK,200,,
150,Δ 446/2026,circular,https://ia37rg02wpsa01.blob.core.windows.net/fek/04/2026/20260400446.pdf,OK,200,,
151,Δ 440/2026,circular,https://ia37rg02wpsa01.blob.core.windows.net/fek/04/2026/20260400440.pdf,OK,200,,
152,Δ 441/2026,circular,https://ia37rg02wpsa01.blob.core.windows.net/fek/04/2026/20260400441.pdf,OK,200,,
153,Δ 444/2026,circular,https://ia37rg02wpsa01.blob.core.windows.net/fek/04/2026/20260400444.pdf,OK,200,,
154,Δ 449/2026,circular,https://ia37rg02wpsa01.blob.core.windows.net/fek/04/2026/20260400449.pdf,OK,200,,
155,Δ 450/2026,circular,https://ia37rg02wpsa01.blob.core.windows.net/fek/04/2026/20260400450.pdf,OK,200,,
156,Δ 448/2026,circular,https://ia37rg02wpsa01.blob.core.windows.net/fek/04/2026/20260400448.pdf,OK,200,,
157,Δ 451/2026,circular,https://ia37rg02wpsa01.blob.core.windows.net/fek/04/2026/20260400451.pdf,OK,200,,
158,Α 86/2026,law,https://ia37rg02wpsa01.blob.core.windows.net/fek/01/2026/20260100086.pdf,OK,200,,
159,Α 85/2026,law,https://ia37rg02wpsa01.blob.core.windows.net/fek/01/2026/20260100085.pdf,OK,200,,
160,Α 84/2026,law,https://ia37rg02wpsa01.blob.core.windows.net/fek/01/2026/20260100084.pdf,OK,200,,
161,Δ 431/2026,circular,https://ia37rg02wpsa01.blob.core.windows.net/fek/04/2026/20260400431.pdf,OK,200,,
162,Δ 436/2026,circular,https://ia37rg02wpsa01.blob.core.windows.net/fek/04/2026/20260400436.pdf,OK,200,,
163,Δ 433/2026,circular,https://ia37rg02wpsa01.blob.core.windows.net/fek/04/2026/20260400433.pdf,OK,200,,
164,Δ 432/2026,circular,https://ia37rg02wpsa01.blob.core.windows.net/fek/04/2026/20260400432.pdf,OK,200,,
165,Δ 434/2026,circular,https://ia37rg02wpsa01.blob.core.windows.net/fek/04/2026/20260400434.pdf,OK,200,,
166,Δ 435/2026,circular,https://ia37rg02wpsa01.blob.core.windows.net/fek/04/2026/20260400435.pdf,OK,200,,
167,2308/1995,law,https://cdn.ktimatologio.hast.gr/2308_1995_6dbdf5f820.pdf,OK,200,,
168,2664/1998,law,https://cdn.ktimatologio.hast.gr/2664_1998_1e0600c9fe.pdf,OK,200,,
169,2508/1997,law,https://cdn.ktimatologio.hast.gr/2508_1997_14fe42ab23.pdf,OK,200,,
170,3208/2003,law,https://cdn.ktimatologio.hast.gr/3208_2003_52ed3df3dd.pdf,OK,200,,
171,3127/2003,law,https://cdn.ktimatologio.hast.gr/3127_2003_a9ff75e205.pdf,OK,200,,
172,3212/2003,law,https://cdn.ktimatologio.hast.gr/3212_2003_c4271fa029.pdf,OK,200,,
173,3481/2006,law,https://cdn.ktimatologio.hast.gr/3481_2006_85173c5f53.pdf,OK,200,,
174,4164/2013,law,https://cdn.ktimatologio.hast.gr/4161_2013_899abecd46.pdf,OK,200,,
175,ΦΕΚ τΒ´/1042/28-7-2003,law,https://cdn.ktimatologio.hast.gr/1024_2003_ffe8f413fb.pdf,OK,200,,
176,ΦΕΚ τΒ´/1074/1-8-2003,law,https://cdn.ktimatologio.hast.gr/1074_2003_1e02b8148f.pdf,OK,200,,
177,ΦΕΚ τΑ´/30/14-2-2005,law,https://cdn.ktimatologio.hast.gr/3310_2005_05ef92977a.pdf,OK,200,,
178,ΦΕΚ τΑ´/279/10-11-2005,law,https://cdn.ktimatologio.hast.gr/3414_2005_1a09e8872b.pdf,OK,200,,
179,ΦΕΚ τΑ´/17/16.02.2010,law,https://cdn.ktimatologio.hast.gr/3818_2010_fab10e495b.pdf,OK,200,,
180,ΦΕΚ τΑ´/182A/14-10-2010,law,https://cdn.ktimatologio.hast.gr/3889_2010_3be105bc3c.pdf,OK,200,,
181,ΦΕΚ τΑ´/144/17-06-2011,law,https://cdn.ktimatologio.hast.gr/3983_2011_1561bb6eb1.pdf,OK,200,,
182,ΦΕΚ τΒ'/2288/13-10-2011,law,https://cdn.ktimatologio.hast.gr/2288_2011_8d23c5fb6f.pdf,OK,200,,
183,ΦΕΚ τΒ΄/3033/30-12-2011 (ΦΕΚ Διόρθωσης),law,https://cdn.ktimatologio.hast.gr/3033_2011_f712ef07a4.pdf,OK,200,,
184,ΦΕΚ τΒ'/2203/6-9-2013,law,https://cdn.ktimatologio.hast.gr/2203_2013_4edd19a2ea.pdf,OK,200,,
185,ΦΕΚ τΑ΄/10/1.2.2016,law,https://cdn.ktimatologio.hast.gr/4361_2016_b91d3538ef.pdf,OK,200,,
186,ΦΕΚ τΑ'/5/17.1.2018,law,https://cdn.ktimatologio.hast.gr/4512_2016_e4daf8da0e.pdf,OK,200,,
187,ΦΕΚ τ Α΄/3/6.1.2021,law,https://cdn.ktimatologio.hast.gr/3_2021_151709a14a.pdf,OK,200,,
188,ΦΕΚ τΑ'/13.12.2023,law,https://cdn.ktimatologio.hast.gr/5076_2023_3bfc8864a8.pdf,OK,200,,
189,ΦΕΚ 158/Α/4.10.2024,circular,https://ia43rg05sa01.blob.core.windows.net/ktima-public/assets/FEK_158_A_04_10_2024_N_5142_OLOKLIROSI_KTIMATOLOGIOY_16499deb29.pdf,OK,200,,
196,Δ 539/2026,circular,https://ia37rg02wpsa01.blob.core.windows.net/fek/04/2026/20260400539.pdf,OK,200,,
197,Δ 541/2026,circular,https://ia37rg02wpsa01.blob.core.windows.net/fek/04/2026/20260400541.pdf,OK,200,,
198,Δ 543/2026,circular,https://ia37rg02wpsa01.blob.core.windows.net/fek/04/2026/20260400543.pdf,OK,200,,
199,Δ 542/2026,circular,https://ia37rg02wpsa01.blob.core.windows.net/fek/04/2026/20260400542.pdf,OK,200,,
200,Δ 540/2026,circular,https://ia37rg02wpsa01.blob.core.windows.net/fek/04/2026/20260400540.pdf,OK,200,,
201,Δ 538/2026,circular,https://ia37rg02wpsa01.blob.core.windows.net/fek/04/2026/20260400538.pdf,OK,200,,
202,e-ΕΦΚΑ - insurance contributions for construction technical works (κοι,guide,https://www.e-efka.gov.gr/el/sychnes-eroteseis/asphalisi-eisphores/ergodotes/apd/koinon-epicheireseon-oikodomotechnikon-ergon,OK,200,,
203,e-ΕΦΚΑ - registration of private construction technical works (ένσημα/,guide,https://www.e-efka.gov.gr/el/sychnes-eroteseis/asphalisi-eisphores/ergodotes/metroo-ergodoton/elektronikes-yperesies-0/apographe-idiotikon-oikodomotechnikon-ergon-0,OK,200,,
204,test_notif.pdf,upload,/app/uploads/8/d51a093df5a7e9d13d345238354d5e0be408bff9ed5a031f579c8fa0861a8a55.pdf,DEAD_NO_RESPONSE,,,UnsupportedProtocol: Request URL is missing an 'http://' or 'https://' protocol.
205,Α 104/2026,law,https://ia37rg02wpsa01.blob.core.windows.net/fek/01/2026/20260100104.pdf,OK,200,,
206,EUGO (point of single contact) - e-Άδειες building permit issuance ove,guide,https://eugo.gov.gr/services/344883,OK,200,,
207,Βεβαίωση αρχικής ηλεκτροδότησης από τη ΔΕΔΔΗΕ - Εθνικό Μητρώο Διοικητι,guide,https://mitos.gov.gr/index.php/%CE%94%CE%94:%CE%92%CE%B5%CE%B2%CE%B1%CE%AF%CF%89%CF%83%CE%B7_%CE%B1%CF%81%CF%87%CE%B9%CE%BA%CE%AE%CF%82_%CE%B7%CE%BB%CE%B5%CE%BA%CF%84%CF%81%CE%BF%CE%B4%CF%8C%CF%84%CE%B7%CF%83%CE%B7%CF%82_%CE%B1%CF%80%CF%8C_%CF%84%CE%B7_%CE%94%CE%95%CE%97,OK,200,,
208,ΑΑΔΕ - real estate transfer/gift/inheritance tax return overview,guide,https://www.aade.gr/en/tax-return-real-estate-transfer-gifts-parental-provision-and-inheritance,OK,200,,
209,Έγκριση επέμβασης σε δασική έκταση για έκδοση οικοδομικής άδειας,stub,https://www.opengov.gr/minenv/?p=5311,OK_REDIRECT,200,https://archive.opengov.gr/minenv/?p=5311,
210,Καταχώριση/δήλωση κτίσματος στο Κτηματολόγιο μετά την ολοκλήρωση οικοδ,stub,https://mitos.gov.gr/index.php/ΔΔ:Ηλεκτρονική_δήλωση_Κτηματολογίου,OK_REDIRECT,200,https://mitos.gov.gr/index.php/%CE%94%CE%94:%CE%97%CE%BB%CE%B5%CE%BA%CF%84%CF%81%CE%BF%CE%BD%CE%B9%CE%BA%CE%AE_%CE%B4%CE%AE%CE%BB%CF%89%CF%83%CE%B7_%CE%9A%CF%84%CE%B7%CE%BC%CE%B1%CF%84%CE%BF%CE%BB%CE%BF%CE%B3%CE%AF%CE%BF%CF%85,
211,ΔΕΥΑ Καβάλας - new water/sewer connection application requirements (re,guide,https://deyakav.gr/apps/,OK,200,,
212,"Συντελεστές δόμησης, ποσοστά κάλυψης και αποστάσεις - ΥΔΟΜ Δήμου Καβάλ",stub,https://kavala.gov.gr/o-dimos/organotiki-domi/ypiresiwn-dimou/Dieuthinsi-Domisis,OK,200,,
213,"Δήμος Παγγαίου - Building Directorate contact/forms page (regional, Pa",guide,https://dimospaggaiou.gr/e-dikaiologitika/diefthinsi-domisis-poleodomikou-sxediasmou-kai-efarmogon/,OK,200,,
214,ΔΕΥΑΑ Παγγαίου - new water/sewer/irrigation connection application req,guide,https://deyapaggaiou.gr/chrisima-engrafa/,OK,200,,
215,"Συντελεστές δόμησης, ποσοστά κάλυψης και αποστάσεις - ΥΔΟΜ Δήμου Παγγα",stub,https://dimospaggaiou.gr/e-dikaiologitika/diefthinsi-domisis-poleodomikou-sxediasmou-kai-efarmogon/,OK,200,,
216,"Δήμος Θάσου - Building Directorate (ΥΔΟΜ) services, permit-category ch",guide,https://www.thassos.gr/%CF%85%CF%80%CE%B7%CF%81%CE%B5%CF%83%CE%B9%CE%B1-%CE%B4%CE%BF%CE%BC%CE%B7%CF%83%CE%B7%CF%83-%CF%85%CE%B4%CE%BF%CE%BC/,OK_REDIRECT,200,https://thassos.gr/dimos/ypiresia-domisis-ydom/,
217,ΔΕΥΑ Θάσου - new water supply connection application requirements (reg,guide,https://deyathassou.gr/%CE%BD%CE%AD%CE%B1-%CF%83%CF%8D%CE%BD%CE%B4%CE%B5%CF%83%CE%B7-%CF%80%CE%B1%CF%81%CE%BF%CF%87%CE%AE%CF%82-%CE%BD%CE%B5%CF%81%CE%BF%CF%8D/,OK,200,,
218,"Συντελεστές δόμησης, ποσοστά κάλυψης και αποστάσεις - ΥΔΟΜ Δήμου Θάσου",stub,https://www.thassos.gr/%CF%85%CF%80%CE%B7%CF%81%CE%B5%CF%83%CE%B9%CE%B1-%CE%B4%CE%BF%CE%BC%CE%B7%CF%83%CE%B7%CF%83-%CF%85%CE%B4%CE%BF%CE%BC/,OK_REDIRECT,200,https://thassos.gr/dimos/ypiresia-domisis-ydom/,
219,"Δήμος Δράμας - Building Permits Department (regional, Drama)",guide,https://dimos-dramas.gr/service/dimarchos/genikos-grammateas/dnsi-poleodomias/tm-ekdosis-ikonomikon-adion-elegchou-kataskevon/,OK,200,,
220,ΔΕΥΑ Δράμας - required documents for a new water network connection (r,guide,https://deyad.gr/dikaiologitika-gia-syndesi-me-to-diktyo-ydrefsis/,OK,200,,
221,ΔΕΥΑ Ξάνθης - FAQ covering required documents for water service and se,guide,https://www.deyaxanthis.gr/syxnes-erwtiseis/,OK,200,,
222,"Συντελεστές δόμησης, ποσοστά κάλυψης και αποστάσεις - ΥΔΟΜ Δήμου Ξάνθη",stub,https://www.cityofxanthi.gr/katevasma/domisi,OK,200,,
223,Έγκριση Γενικού Πολεοδομικού Σχεδίου (Γ.Π.Σ.) Δήμου Καβάλας,law,https://ia37rg02wpsa01.blob.core.windows.net/fek/15/2013/20131500069.pdf,OK,200,,
224,Αναθεώρηση του Γενικού Πολεοδομικού Σχεδίου (Γ.Π.Σ.) του Δήμου Ξάνθης,law,https://ia37rg02wpsa01.blob.core.windows.net/fek/15/2010/20101500529.pdf,OK,200,,
225,Έγκριση Γενικού Πολεοδομικού Σχεδίου (Γ.Π.Σ.) Δήμου Δράμας,law,https://ia37rg02wpsa01.blob.core.windows.net/fek/04/1994/19940400896.pdf,OK,200,,
226,Γενικό Πολεοδομικό Σχέδιο (Γ.Π.Σ.) Δήμου Παγγαίου - εκκρεμεί εντοπισμό,stub,https://dimospaggaiou.gr/egkrinetai-i-tropopoiisi-tou-genikoy-poleodomikoy-sxediou-g-p-s/,OK,200,,
227,Γενικό Πολεοδομικό Σχέδιο (Γ.Π.Σ.) Δήμου Θάσου - εκκρεμεί εντοπισμός Φ,stub,https://www.thassos.gr/,REDIRECT_TO_HOMEPAGE,200,https://thassos.gr/,
243,Έκδοση οικοδομικών αδειών (e-Άδειες) - Εθνικό Μητρώο Διοικητικών Διαδι,guide,https://mitos.gov.gr/index.php/ΔΔ:Έκδοση_οικοδομικών_αδειών_(e-Άδειες),OK_REDIRECT,200,https://mitos.gov.gr/index.php/%CE%94%CE%94:%CE%88%CE%BA%CE%B4%CE%BF%CF%83%CE%B7_%CE%BF%CE%B9%CE%BA%CE%BF%CE%B4%CE%BF%CE%BC%CE%B9%CE%BA%CF%8E%CE%BD_%CE%B1%CE%B4%CE%B5%CE%B9%CF%8E%CE%BD_(e-%CE%86%CE%B4%CE%B5%CE%B9%CE%B5%CF%82),
244,Άρθρο 50  Δικαιολογητικά για τη χορήγηση της οικοδομικής άδειας | Yπου,law,https://www.opengov.gr/minenv/?p=7696,OK_REDIRECT,200,https://archive.opengov.gr/minenv/?p=7696,
245,Διαδικασία Έκδοσης Άδειας Δόμησης — Απαιτούμενα Δικαιολογητικά (Εθνικό,guide,https://mitos.gov.gr/index.php/ΔΔ:Έκδοση_οικοδομικών_αδειών_(e-Άδειες),OK_REDIRECT,200,https://mitos.gov.gr/index.php/%CE%94%CE%94:%CE%88%CE%BA%CE%B4%CE%BF%CF%83%CE%B7_%CE%BF%CE%B9%CE%BA%CE%BF%CE%B4%CE%BF%CE%BC%CE%B9%CE%BA%CF%8E%CE%BD_%CE%B1%CE%B4%CE%B5%CE%B9%CF%8E%CE%BD_(e-%CE%86%CE%B4%CE%B5%CE%B9%CE%B5%CF%82),
247,Εργασίες που δεν χρειάζονται άδεια δόμησης — Σύνοψη Άρθρου 30 Ν.4495/2,,https://www.e-nomothesia.gr/kat-periballon/oikodomes/nomos-4495-2017-fek-167a-3-11-2017.html,OK,200,,
248,Νόμος 4495/2017 — Τμήμα Δ: Αυθαίρετες κατασκευές και χρήσεις,,https://www.e-nomothesia.gr/kat-periballon/oikodomes/nomos-4495-2017-fek-167a-3-11-2017.html,OK,200,,
249,"e-Άδειες — Εργασίες Δόμησης Μικρής Κλίμακας: Ορισμός, Κατηγορίες, Διαδ",,https://mitos.gov.gr/index.php/ΔΔ:Έγκριση_εργασιών_δόμησης_μικρής_κλίμακας,OK_REDIRECT,200,https://mitos.gov.gr/index.php/%CE%94%CE%94:%CE%88%CE%B3%CE%BA%CF%81%CE%B9%CF%83%CE%B7_%CE%B5%CF%81%CE%B3%CE%B1%CF%83%CE%B9%CF%8E%CE%BD_%CE%B4%CF%8C%CE%BC%CE%B7%CF%83%CE%B7%CF%82_%CE%BC%CE%B9%CE%BA%CF%81%CE%AE%CF%82_%CE%BA%CE%BB%CE%AF%CE%BC%CE%B1%CE%BA%CE%B1%CF%82,
250,"Κόστος άδειας δόμησης — Δομή αμοιβών μηχανικού, τέλους e-Άδειες και ει",,https://www.e-nomothesia.gr/kat-periballon/oikodomes/nomos-4495-2017-fek-167a-3-11-2017.html,OK,200,,
251,Χρόνος Έκδοσης Άδειας Δόμησης — Ενδεικτικές Διάρκειες,,https://www.e-nomothesia.gr/kat-periballon/oikodomes/nomos-4495-2017-fek-167a-3-11-2017.html,OK,200,,
252,Σύνδεση Νέου Κτιρίου με το Δίκτυο Ηλεκτρικής Ενέργειας — Διαδικασία ΔΕ,,https://www.deddie.gr/,OK,200,,
255,Φόροι Ακινήτων στην Ελλάδα — ΕΝΦΙΑ και Φόρος Μεταβίβασης,,https://www.aade.gr/sites/default/files/2020-10/ATT01682.pdf,OK,200,,
256,Ποια υπηρεσία εκδίδει άδεια μικρής κλίμακας — ΥΔΟΜ και e-Άδειες ΤΕΕ,,https://www.e-nomothesia.gr/kat-periballon/oikodomes/nomos-4495-2017-fek-167a-3-11-2017.html,OK,200,,
257,Συντελεστής Δόμησης (ΣΔ) — Ορισμός και Διαφορά από Κάλυψη,,https://www.e-nomothesia.gr/kat-periballon/oikodomes/nomos-4495-2017-fek-167a-3-11-2017.html,OK,200,,
258,Ποια υπηρεσία είναι αρμόδια για άδειες δόμησης — ΥΔΟΜ και ΤΕΕ,,https://www.e-nomothesia.gr/kat-periballon/oikodomes/nomos-4495-2017-fek-167a-3-11-2017.html,OK,200,,
261,Διαφορά Συντελεστή Δόμησης (ΣΔ) και Κάλυψης — Δύο Διαφορετικοί Περιορι,,https://www.e-nomothesia.gr/kat-periballon/oikodomes/nomos-4495-2017-fek-167a-3-11-2017.html,OK,200,,
292,Κώδικας Φορολογίας Εισοδήματος (ΚΦΕ) - Ν.4172/2013 (Μέρος 1/2),law,https://www.lawspot.gr/nomothesia/nomos-4172-2013/#part1,OK,200,,
293,Κώδικας Φορολογίας Εισοδήματος (ΚΦΕ) - Ν.4172/2013 (Μέρος 2/2),law,https://www.lawspot.gr/nomothesia/nomos-4172-2013/#part2,OK,200,,
294,"Ενιαίος Φόρος Ιδιοκτησίας Ακινήτων (ΕΝΦΙΑ) - Ν.4223/2013, Κεφάλαιο Α'",law,https://www.lawspot.gr/nomothesia/nomos-4223-2013/,OK,200,,
295,Κώδικας Φορολογικής Διαδικασίας (ΚΦΔ) - Ν.4174/2013 (ΦΕΚ Α' 170/26.07.,law,https://ia37rg02wpsa01.blob.core.windows.net/fek/01/2013/20130100170.pdf,OK,200,,
296,Κώδικας Φόρου Προστιθέμενης Αξίας (ΦΠΑ) - Ν.5144/2024 (ΦΕΚ Α' 162/11.1,law,https://ia37rg02wpsa01.blob.core.windows.net/fek/01/2024/20240100162.pdf#part1,OK,200,,
297,Κώδικας Φόρου Προστιθέμενης Αξίας (ΦΠΑ) - Ν.5144/2024 (ΦΕΚ Α' 162/11.1,law,https://ia37rg02wpsa01.blob.core.windows.net/fek/01/2024/20240100162.pdf#part2,OK,200,,
298,Κώδικας Φόρου Προστιθέμενης Αξίας (ΦΠΑ) - Ν.5144/2024 (ΦΕΚ Α' 162/11.1,law,https://ia37rg02wpsa01.blob.core.windows.net/fek/01/2024/20240100162.pdf#part3,OK,200,,
299,myAADE - Οδηγός Διαδικασιών Μητρώου,guide,https://www.aade.gr/sites/default/files/2025-04/odigos_diadikasiwn_mitrow.pdf,OK,200,,
300,Ε. 2033/30-06-2026 - e-Ναυλοσύμφωνο,guide,https://www.aade.gr/egkyklioi-kai-apofaseis/e-2033-30-06-2026,OK,200,,
301,ΔΤΔ Α 580289 ΕΞ 2026/03-07-2026,guide,https://www.aade.gr/egkyklioi-kai-apofaseis/dtd-580289-ex-2026-03-07-2026,OK,200,,
302,Ε. 2036/07-07-2026 - Ν.5313/2026 ενεργειακή κρίση,guide,https://www.aade.gr/egkyklioi-kai-apofaseis/e-2036-07-07-206,OK_REDIRECT,200,https://www.aade.gr/egkyklioi-kai-apofaseis/e-2036-07-07-2026,
303,Ε. 2034/02-07-2026 - εξαγωγές/τελωνειακά,guide,https://www.aade.gr/egkyklioi-kai-apofaseis/e-2034-02-07-2026,OK,200,,
304,Α. 1134/02-07-2026 - τροποποίηση ΠΟΛ.1002/2014,guide,https://www.aade.gr/egkyklioi-kai-apofaseis/1134-02-07-2026,OK,200,,
305,e-ΕΦΚΑ - Υποβολή ΑΠΔ Κοινών Επιχειρήσεων και Οικοδομοτεχνικών Έργων,guide,https://www.e-efka.gov.gr/ergodotes-apd,OK_REDIRECT,200,https://www.e-efka.gov.gr/el/sychnes-eroteseis/asphalisi-eisphores/ergodotes/apd/koinon-epicheireseon-oikodomotechnikon-ergon,
306,ΔΕΔ - Συχνές Ερωτήσεις για την Ενδικοφανή Προσφυγή,guide,https://www.aade.gr/sites/default/files/2022-11/FAQs_endikofaneis.pdf,OK,200,,
307,Φορολογικές Κλίμακες Εισοδήματος Φυσικών Προσώπων 2026,manual_entry,https://www.lawspot.gr/nomothesia/nomos-4172-2013/,OK,200,,
308,"Συντελεστές ΦΠΑ στην Ελλάδα (24%, 13%, 6%)",manual_entry,https://ia37rg02wpsa01.blob.core.windows.net/fek/01/2024/20240100162.pdf,OK,200,,
309,Προθεσμία Υποβολής Δήλωσης Φορολογίας Εισοδήματος (Ε1),manual_entry,https://www.lawspot.gr/nomothesia/nomos-4172-2013/,OK,200,,
310,Πρόστιμα Εκπρόθεσμης Υποβολής Φορολογικής Δήλωσης,manual_entry,https://ia37rg02wpsa01.blob.core.windows.net/fek/01/2013/20130100170.pdf,OK,200,,
311,Τι Ρυθμίζει ο Κώδικας Φορολογικής Διαδικασίας (ΚΦΔ) Ν.4174/2013,manual_entry,https://ia37rg02wpsa01.blob.core.windows.net/fek/01/2013/20130100170.pdf,OK,200,,
312,Τρέχων Φορολογικός Συντελεστής Νομικών Προσώπων με Διπλογραφικά Βιβλία,manual_entry,https://www.lawspot.gr/nomothesia/nomos-4172-2013/,OK,200,,
313,Μόνιμη Εγκατάσταση για Φορολογικούς Σκοπούς,manual_entry,https://www.lawspot.gr/nomothesia/nomos-4172-2013/,OK,200,,
314,Υπολογισμός Κύριου Φόρου ΕΝΦΙΑ,manual_entry,https://www.aade.gr/sites/default/files/2020-10/ATT01682.pdf,OK,200,,
318,Αρχαιολογική Ζώνη Παναγίας Καβάλας,manual_entry,https://www.e-nomothesia.gr/kat-arxaiotites/n-3028-2002.html,OK,200,,
319,ΤΕΕ SDIG (Ενιαίος Ψηφιακός Χάρτης) - Τι είναι και πώς αποκτάται πρόσβα,manual_entry,https://www.e-nomothesia.gr/kat-periballon/oikodomes/nomos-4495-2017-fek-167a-3-11-2017.html,OK,200,,
425,ΕΝΦΙΑ - ορισμός και υπολογισμός,reference,https://www.aade.gr/sites/default/files/2020-10/ATT01682.pdf,OK,200,,
426,Εκπιπτόμενες επιχειρηματικές δαπάνες - προϋποθέσεις,reference,https://www.lawspot.gr/nomothesia/nomos-4172-2013/,OK,200,,
427,Παρακράτηση φόρου - ορισμός και εφαρμογή,reference,https://ia37rg02wpsa01.blob.core.windows.net/fek/01/2013/20130100170.pdf,OK,200,,
428,Υποβολή φορολογικής δήλωσης μέσω myAADE,reference,https://www.aade.gr/egkyklioi-kai-apofaseis,OK,200,,
429,Φορολογική κατοικία - κριτήρια καθορισμού,reference,https://www.lawspot.gr/nomothesia/nomos-4172-2013/,OK,200,,
430,ΑΑΔΕ - ορισμός και αρμοδιότητες,reference,https://www.aade.gr/egkyklioi-kai-apofaseis,OK,200,,
431,Αμφισβήτηση φορολογικής απόφασης - ενδικοφανής προσφυγή,reference,https://ia37rg02wpsa01.blob.core.windows.net/fek/01/2013/20130100170.pdf,OK,200,,
438,Αρχαιολογική Ζώνη Φιλίππων — Δομικοί Περιορισμοί,manual_entry,https://www.e-nomothesia.gr/kat-arxaiotites/n-3028-2002.html,OK,200,,
439,Αρχαιολογική Ζώνη Αβδήρων — Δομικοί Περιορισμοί,manual_entry,https://www.e-nomothesia.gr/kat-arxaiotites/n-3028-2002.html,OK,200,,
440,Αρχαιολογική Ζώνη Αρχαίας Θάσου — Δομικοί Περιορισμοί,manual_entry,https://www.e-nomothesia.gr/kat-arxaiotites/n-3028-2002.html,OK,200,,
441,Αρχαιολογική Ζώνη Αμφίπολης — Δομικοί Περιορισμοί,manual_entry,https://www.e-nomothesia.gr/kat-arxaiotites/n-3028-2002.html,OK,200,,
1040,Υπολογισμός Φόρου Εισοδήματος Φυσικών Προσώπων,reference,https://www.lawspot.gr/nomothesia/nomos-4172-2013/,OK,200,,
1041,Νόμιμοι Τρόποι Μείωσης Φόρου Εισοδήματος,reference,https://www.lawspot.gr/nomothesia/nomos-4172-2013/,OK,200,,
1042,Εκπιπτόμενες Επιχειρηματικές Δαπάνες,reference,https://www.lawspot.gr/nomothesia/nomos-4172-2013/,OK,200,,
1043,Διαδικασία Έναρξης Επιχείρησης ή Ελεύθερου Επαγγέλματος,reference,https://www.lawspot.gr/nomothesia/nomos-4172-2013/,OK,200,,
1044,Ασφαλιστικές Εισφορές ΕΦΚΑ Ελεύθερων Επαγγελματιών,reference,https://www.lawspot.gr/nomothesia/nomos-4172-2013/,OK,200,,
1045,Ηλεκτρονική Τιμολόγηση και myDATA,reference,https://ia37rg02wpsa01.blob.core.windows.net/fek/01/2024/20240100162.pdf,OK,200,,
1046,Δικαιολογητικά για τη Φορολογική Δήλωση Ε1,reference,https://www.lawspot.gr/nomothesia/nomos-4172-2013/,OK,200,,
1047,Φορολόγηση Εισοδήματος από Ενοίκια και Βραχυχρόνια Μίσθωση (Airbnb),reference,https://www.lawspot.gr/nomothesia/nomos-4172-2013/,OK,200,,
1048,"Φόρος Κληρονομιάς, Δωρεάς και Γονικής Παροχής",reference,https://www.lawspot.gr/nomothesia/nomos-4172-2013/,OK,200,,
1049,"Φορολόγηση Επενδύσεων, Μετοχών και Κρυπτονομισμάτων",reference,https://www.lawspot.gr/nomothesia/nomos-4172-2013/,OK,200,,
1050,Ετήσια Άδεια Εργαζομένων — Δικαιώματα και Υπολογισμός,reference,https://www.e-nomothesia.gr/kat-ergasia-koinonike-asphalise/pd-62-2025.html,OK,200,,
1051,Αποζημίωση Απόλυσης Εργαζόμενου — Υπολογισμός,reference,https://www.e-nomothesia.gr/kat-ergasia-koinonike-asphalise/pd-62-2025.html,OK,200,,
1052,"ΕΡΓΑΝΗ — Δηλώσεις Πρόσληψης, Αποχώρησης και Αλλαγών",reference,https://www.e-nomothesia.gr/kat-ergasia-koinonike-asphalise/pd-62-2025.html,OK,200,,
1053,Τύποι Σύμβασης Εργασίας στην Ελλάδα,reference,https://www.e-nomothesia.gr/kat-ergasia-koinonike-asphalise/pd-62-2025.html,OK,200,,
1054,Υπερωρίες — Όρια και Αποζημίωση,reference,https://www.e-nomothesia.gr/kat-ergasia-koinonike-asphalise/pd-62-2025.html,OK,200,,
1055,Αναρρωτική Άδεια Εργαζόμενου — Δικαιώματα και Αποζημίωση,reference,https://www.e-nomothesia.gr/kat-ergasia-koinonike-asphalise/pd-62-2025.html,OK,200,,
1073,Φορολόγηση Stock Options και RSUs για Εργαζόμενους,reference,https://www.lawspot.gr/nomothesia/nomos-4172-2013/,OK,200,,
1074,ESOPs και Προγράμματα Διάθεσης Μετοχών σε Startups,reference,https://www.lawspot.gr/nomothesia/nomos-4172-2013/,OK,200,,
1075,Φορολόγηση Εισοδήματος από Ψηφιακές Πλατφόρμες,reference,https://www.lawspot.gr/nomothesia/nomos-4172-2013/,OK,200,,
1076,Ειδικό Καθεστώς Φορολογίας — Digital Nomads και Μεταφορά Φορολογικής Κ,reference,https://www.lawspot.gr/nomothesia/nomos-4172-2013/,OK,200,,
1077,Μετατροπή Ατομικής Επιχείρησης σε ΙΚΕ — Διαδικασία και Φορολογικές Συν,reference,https://www.lawspot.gr/nomothesia/nomos-4172-2013/,OK,200,,
1078,Holding Εταιρείες — Πότε Συμφέρει η Σύσταση,reference,https://www.lawspot.gr/nomothesia/nomos-4172-2013/,OK,200,,
1079,Ενδοκοινοτικές Συναλλαγές και VIES,reference,https://ia37rg02wpsa01.blob.core.windows.net/fek/01/2024/20240100162.pdf,OK,200,,
1080,Τεκμηρίωση Transfer Pricing σε Συνδεδεμένες Επιχειρήσεις,reference,https://www.aade.gr/egkyklioi-kai-apofaseis,OK,200,,
1081,ΦΠΑ σε Ηλεκτρονικές Υπηρεσίες — OSS και IOSS,reference,https://ia37rg02wpsa01.blob.core.windows.net/fek/01/2024/20240100162.pdf,OK,200,,
1082,Φορολογική Αντιμετώπιση Αγοράς ή Πώλησης Επιχείρησης,reference,https://www.lawspot.gr/nomothesia/nomos-4172-2013/,OK,200,,
1083,Φορολογικός Σχεδιασμός για Υψηλά Εισοδήματα,reference,https://www.lawspot.gr/nomothesia/nomos-4172-2013/,OK,200,,
1084,Φορολόγηση Κρυπτονομισμάτων στην Ελλάδα,reference,https://www.lawspot.gr/nomothesia/nomos-4172-2013/,OK,200,,
1085,Άδεια για Ανακαίνιση — Πότε Χρειάζεται,reference,https://www.e-nomothesia.gr/kat-periballon/oikodomes/nomos-4495-2017-fek-167a-3-11-2017.html,OK,200,,
1086,Τακτοποίηση Αυθαιρέτου — Διαδικασία,reference,https://www.e-nomothesia.gr/kat-periballon/oikodomes/nomos-4495-2017-fek-167a-3-11-2017.html,OK,200,,
1087,Αγορά Ακινήτου με Αυθαιρεσίες — Τι Πρέπει να Γνωρίζετε,reference,https://www.e-nomothesia.gr/kat-periballon/oikodomes/nomos-4495-2017-fek-167a-3-11-2017.html,OK,200,,
1088,Πιστοποιητικό Ενεργειακής Απόδοσης (ΠΕΑ) — Πότε Απαιτείται,reference,https://www.e-nomothesia.gr/kat-periballon/oikodomes/nomos-4495-2017-fek-167a-3-11-2017.html,OK,200,,
1089,Επίβλεψη Έργου — Ρόλος και Υποχρεώσεις Επιβλέποντα Μηχανικού,reference,https://www.e-nomothesia.gr/kat-kodikes-nomothesias/pd-456-1984-2.html,OK,200,,
1090,Ανακαίνιση vs Ανακατασκευή — Νομική Διάκριση,reference,https://www.e-nomothesia.gr/kat-periballon/oikodomes/nomos-4495-2017-fek-167a-3-11-2017.html,OK,200,,
1091,Βελτίωση Ενεργειακής Απόδοσης Κατοικίας — Εργαλεία και Πρόγραμμα Εξοικ,reference,https://www.e-nomothesia.gr/kat-periballon/oikodomes/nomos-4495-2017-fek-167a-3-11-2017.html,OK,200,,
1092,Συνηθέστερα Λάθη κατά την Κατασκευή Κατοικίας,reference,https://www.e-nomothesia.gr/kat-periballon/oikodomes/nomos-4495-2017-fek-167a-3-11-2017.html,OK,200,,
1093,Θεμελίωση με Πασσάλους έναντι Πεδίλων,reference,https://oasp.gr/userfiles/%CE%9A%CE%91%CE%9D_%CE%95%CE%A0%CE%95__2%CE%B7%20%CE%91%CE%BD%CE%B1%CE%B8%CE%B5%CF%8E%CF%81%CE%B7%CF%83%CE%B7_2017_Final.pdf,OK,200,,
1094,Επίδραση Γεωτεχνικής Μελέτης στο Κόστος Έργου,reference,https://oasp.gr/userfiles/%CE%9A%CE%91%CE%9D_%CE%95%CE%A0%CE%95__2%CE%B7%20%CE%91%CE%BD%CE%B1%CE%B8%CE%B5%CF%8E%CF%81%CE%B7%CF%83%CE%B7_2017_Final.pdf,OK,200,,
1095,Σεισμική Αποτίμηση Υφιστάμενου Κτιρίου — ΚΑΝΕΠΕ 2017,reference,https://oasp.gr/userfiles/%CE%9A%CE%91%CE%9D_%CE%95%CE%A0%CE%95__2%CE%B7%20%CE%91%CE%BD%CE%B1%CE%B8%CE%B5%CF%8E%CF%81%CE%B7%CF%83%CE%B7_2017_Final.pdf,OK,200,,
1096,Ενίσχυση με Ανθρακονήματα (FRP),reference,https://oasp.gr/userfiles/%CE%9A%CE%91%CE%9D_%CE%95%CE%A0%CE%95__2%CE%B7%20%CE%91%CE%BD%CE%B1%CE%B8%CE%B5%CF%8E%CF%81%CE%B7%CF%83%CE%B7_2017_Final.pdf,OK,200,,
1097,Επιλογή Τύπου Σκυροδέματος,reference,https://www.e-nomothesia.gr/kat-periballon/oikodomes/nomos-4495-2017-fek-167a-3-11-2017.html,OK,200,,
1098,Μεταλλικός Φέρων Οργανισμός έναντι Οπλισμένου Σκυροδέματος,reference,https://oasp.gr/userfiles/%CE%9A%CE%91%CE%9D_%CE%95%CE%A0%CE%95__2%CE%B7%20%CE%91%CE%BD%CE%B1%CE%B8%CE%B5%CF%8E%CF%81%CE%B7%CF%83%CE%B7_2017_Final.pdf,OK,200,,
1099,Διαχείριση Θερμογεφυρών σε Νέα Κτίρια,reference,https://oasp.gr/userfiles/%CE%9A%CE%91%CE%9D_%CE%95%CE%A0%CE%95__2%CE%B7%20%CE%91%CE%BD%CE%B1%CE%B8%CE%B5%CF%8E%CF%81%CE%B7%CF%83%CE%B7_2017_Final.pdf,OK,200,,
1100,Προκατασκευή (Prefab) — Πότε Συμφέρει,reference,https://oasp.gr/userfiles/%CE%9A%CE%91%CE%9D_%CE%95%CE%A0%CE%95__2%CE%B7%20%CE%91%CE%BD%CE%B1%CE%B8%CE%B5%CF%8E%CF%81%CE%B7%CF%83%CE%B7_2017_Final.pdf,OK,200,,
1101,Αστοχίες Στεγανοποίησης Υπογείων — Αίτια και Αντιμετώπιση,reference,https://www.e-nomothesia.gr/kat-periballon/oikodomes/nomos-4495-2017-fek-167a-3-11-2017.html,OK,200,,
1102,Passive Houses και Κτίρια NZEB,reference,https://oasp.gr/userfiles/%CE%9A%CE%91%CE%9D_%CE%95%CE%A0%CE%95__2%CE%B7%20%CE%91%CE%BD%CE%B1%CE%B8%CE%B5%CF%8E%CF%81%CE%B7%CF%83%CE%B7_2017_Final.pdf,OK,200,,
1103,Ποιοτικός Έλεγχος σε Μεγάλα Εργοτάξια,reference,https://oasp.gr/userfiles/%CE%9A%CE%91%CE%9D_%CE%95%CE%A0%CE%95__2%CE%B7%20%CE%91%CE%BD%CE%B1%CE%B8%CE%B5%CF%8E%CF%81%CE%B7%CF%83%CE%B7_2017_Final.pdf,OK,200,,
1104,Κόστη Κατασκευής και Τεχνικές Επιλογές — Τι Μπορεί να Απαντήσει η Θήκη,reference,https://www.e-nomothesia.gr/kat-periballon/oikodomes/nomos-4495-2017-fek-167a-3-11-2017.html,OK,200,,
1105,Τακτοποίηση Καθυστερημένων Δηλώσεων ΦΠΑ Πολλαπλών Ετών,reference,https://ia37rg02wpsa01.blob.core.windows.net/fek/01/2024/20240100162.pdf,OK,200,,
1106,Διαδικασία Μεταφοράς Φορολογικής Κατοικίας στο Εξωτερικό,reference,https://www.lawspot.gr/nomothesia/nomos-4172-2013/,OK,200,,
1107,Διακοπή Ατομικής Επιχείρησης με Εκκρεμείς Φορολογικές Υποχρεώσεις,reference,https://www.lawspot.gr/nomothesia/nomos-4172-2013/,OK,200,,
1108,Δικαιολογητικά για Φορολογικό Έλεγχο από την ΑΑΔΕ,reference,https://ia37rg02wpsa01.blob.core.windows.net/fek/01/2013/20130100170.pdf,OK,200,,
1109,Διόρθωση Αποκλίσεων ERP και myDATA,reference,https://ia37rg02wpsa01.blob.core.windows.net/fek/01/2024/20240100162.pdf,OK,200,,
1110,Τριγωνικές Ενδοκοινοτικές Συναλλαγές και ΦΠΑ,reference,https://ia37rg02wpsa01.blob.core.windows.net/fek/01/2024/20240100162.pdf,OK,200,,
1111,Υποχρεώσεις Νεοσύστατης ΙΚΕ κατά τον Πρώτο Χρόνο Λειτουργίας,reference,https://www.lawspot.gr/nomothesia/nomos-4172-2013/,OK,200,,
1112,Φορολόγηση Εισοδήματος Αλλοδαπής με Σύμβαση Αποφυγής Διπλής Φορολογίας,reference,https://www.lawspot.gr/nomothesia/nomos-4172-2013/,OK,200,,
1113,Φορολόγηση Αναδρομικών Αποδοχών και Συντάξεων,reference,https://www.lawspot.gr/nomothesia/nomos-4172-2013/,OK,200,,
1114,Διόρθωση Φορολογικής Δήλωσης μετά τη Λήξη της Προθεσμίας,reference,https://ia37rg02wpsa01.blob.core.windows.net/fek/01/2013/20130100170.pdf,OK,200,,
1115,Φορολογική Αντιμετώπιση Πιστωτικών Τιμολογίων Προηγούμενης Χρήσης,reference,https://www.lawspot.gr/nomothesia/nomos-4172-2013/,OK,200,,
1116,Ιεραρχία Νομικών Πηγών στο Ελληνικό Φορολογικό Δίκαιο,reference,https://www.lawspot.gr/nomothesia/nomos-4172-2013/,OK,200,,
1117,Οικοδομησιμότητα Οικοπέδου Εκτός Σχεδίου,reference,https://www.e-nomothesia.gr/kat-periballon/oikodomes/nomos-4495-2017-fek-167a-3-11-2017.html,OK,200,,
1118,Τεχνική Διερεύνηση Καθιζήσεων και Ρωγμών μετά την Παράδοση Έργου,reference,https://www.e-nomothesia.gr/kat-periballon/oikodomes/nomos-4495-2017-fek-167a-3-11-2017.html,OK,200,,
1119,Σύνταξη Τεχνικής Πραγματογνωμοσύνης για Δικαστική Χρήση,reference,https://www.e-nomothesia.gr/kat-kodikes-nomothesias/pd-456-1984-2.html,OK,200,,
1120,Στατική Επάρκεια — Πότε Απαιτείται,reference,https://oasp.gr/userfiles/%CE%9A%CE%91%CE%9D_%CE%95%CE%A0%CE%95__2%CE%B7%20%CE%91%CE%BD%CE%B1%CE%B8%CE%B5%CF%8E%CF%81%CE%B7%CF%83%CE%B7_2017_Final.pdf,OK,200,,
1121,Υποχρεώσεις Εργολάβου και Επιβλέποντα σε Εργατικό Ατύχημα,reference,https://www.e-nomothesia.gr/kat-ergasia-koinonike-asphalise/pd-62-2025.html,OK,200,,
1122,Απαιτήσεις Προσβασιμότητας ΑμεΑ σε Νέα Δημόσια Κτίρια,reference,https://www.e-nomothesia.gr/kat-periballon/oikodomes/nomos-4495-2017-fek-167a-3-11-2017.html,OK,200,,
1123,Σύσταση Οριζόντιας Ιδιοκτησίας σε Υφιστάμενο Κτίριο,reference,https://www.e-nomothesia.gr/kat-periballon/oikodomes/nomos-4495-2017-fek-167a-3-11-2017.html,OK,200,,
1124,Καθυστέρηση Έργου λόγω Υπεργολάβου ή Ανωτέρας Βίας,reference,https://www.e-nomothesia.gr/kat-kodikes-nomothesias/pd-456-1984-2.html,OK,200,,
1125,Αναθεωρήσεις Τιμών σε Δημόσια Έργα,reference,https://www.e-nomothesia.gr/kat-kodikes-nomothesias/pd-456-1984-2.html,OK,200,,
1126,Παραλαβή και Οριστική Παραλαβή Έργου,reference,https://www.e-nomothesia.gr/kat-kodikes-nomothesias/pd-456-1984-2.html,OK,200,,
1127,Ιεραρχία Νομικών και Τεχνικών Πηγών στο Ελληνικό Πολεοδομικό Δίκαιο,reference,https://www.e-nomothesia.gr/kat-periballon/oikodomes/nomos-4495-2017-fek-167a-3-11-2017.html,OK,200,,
1145,Νόμος 3028/2002 — Προστασία Αρχαιοτήτων και Εν Γένει της Πολιτιστικής ,law,https://www.e-nomothesia.gr/kat-arxaiotites/n-3028-2002.html,OK,200,,
1146,ΚΑΝΕΠΕ 2017 — Κεφάλαιο 1 — ΣΚΟΠΟΣ - ΠΕΔΙΟ ΕΦΑΡΜΟΓΗΣ - ΥΠΟΧΡΕΩΣΕΙΣ ΚΑΙ ,regulation,https://oasp.gr/userfiles/%CE%9A%CE%91%CE%9D_%CE%95%CE%A0%CE%95__2%CE%B7%20%CE%91%CE%BD%CE%B1%CE%B8%CE%B5%CF%8E%CF%81%CE%B7%CF%83%CE%B7_2017_Final.pdf,OK,200,,
1147,"ΚΑΝΕΠΕ 2017 — Κεφάλαιο 2 — ΒΑΣΙΚΕΣ ΑΡΧΕΣ, ΚΡΙΤΗΡΙΑ ΚΑΙ ΔΙΑΔΙΚΑΣΙΕΣ",regulation,https://oasp.gr/userfiles/%CE%9A%CE%91%CE%9D_%CE%95%CE%A0%CE%95__2%CE%B7%20%CE%91%CE%BD%CE%B1%CE%B8%CE%B5%CF%8E%CF%81%CE%B7%CF%83%CE%B7_2017_Final.pdf,OK,200,,
1148,"ΚΑΝΕΠΕ 2017 — Κεφάλαιο 3 — ΔΙΕΡΕΥΝΗΣΗ, ΤΕΚΜΗΡΙΩΣΗ ΦΕΡΟΝΤΟΣ ΟΡΓΑΝΙΣΜΟΥ ",regulation,https://oasp.gr/userfiles/%CE%9A%CE%91%CE%9D_%CE%95%CE%A0%CE%95__2%CE%B7%20%CE%91%CE%BD%CE%B1%CE%B8%CE%B5%CF%8E%CF%81%CE%B7%CF%83%CE%B7_2017_Final.pdf,OK,200,,
1149,ΚΑΝΕΠΕ 2017 — Κεφάλαιο 4 — ΒΑΣΙΚΑ ΔΕΔΟΜΕΝΑ ΑΠΟΤΙΜΗΣΗΣ ΚΑΙ ΑΝΑΣΧΕΔΙΑΣΜΟ,regulation,https://oasp.gr/userfiles/%CE%9A%CE%91%CE%9D_%CE%95%CE%A0%CE%95__2%CE%B7%20%CE%91%CE%BD%CE%B1%CE%B8%CE%B5%CF%8E%CF%81%CE%B7%CF%83%CE%B7_2017_Final.pdf,OK,200,,
1150,ΚΑΝΕΠΕ 2017 — Κεφάλαιο 5 — ΑΝΑΛΥΣΗ ΠΡΙΝ ΚΑΙ ΜΕΤΑ ΤΗΝ ΕΠΕΜΒΑΣΗ,regulation,https://oasp.gr/userfiles/%CE%9A%CE%91%CE%9D_%CE%95%CE%A0%CE%95__2%CE%B7%20%CE%91%CE%BD%CE%B1%CE%B8%CE%B5%CF%8E%CF%81%CE%B7%CF%83%CE%B7_2017_Final.pdf,OK,200,,
1151,ΚΑΝΕΠΕ 2017 — Κεφάλαιο 6 — ΒΑΣΙΚΑ ΠΡΟΣΟΜΟΙΩΜΑΤΑ ΣΥΜΠΕΡΙΦΟΡΑΣ,regulation,https://oasp.gr/userfiles/%CE%9A%CE%91%CE%9D_%CE%95%CE%A0%CE%95__2%CE%B7%20%CE%91%CE%BD%CE%B1%CE%B8%CE%B5%CF%8E%CF%81%CE%B7%CF%83%CE%B7_2017_Final.pdf,OK,200,,
1152,ΚΑΝΕΠΕ 2017 — Κεφάλαιο 7 — ΠΡΟΣΔΙΟΡΙΣΜΟΣ ΣΥΜΠΕΡΙΦΟΡΑΣ ΔΟΜΙΚΩΝ ΣΤΟΙΧΕΙΩ,regulation,https://oasp.gr/userfiles/%CE%9A%CE%91%CE%9D_%CE%95%CE%A0%CE%95__2%CE%B7%20%CE%91%CE%BD%CE%B1%CE%B8%CE%B5%CF%8E%CF%81%CE%B7%CF%83%CE%B7_2017_Final.pdf,OK,200,,
1153,ΚΑΝΕΠΕ 2017 — Κεφάλαιο 8 — ΔΙΑΣΤΑΣΙΟΛΟΓΗΣΗ ΕΠΕΜΒΑΣΕΩΝ,regulation,https://oasp.gr/userfiles/%CE%9A%CE%91%CE%9D_%CE%95%CE%A0%CE%95__2%CE%B7%20%CE%91%CE%BD%CE%B1%CE%B8%CE%B5%CF%8E%CF%81%CE%B7%CF%83%CE%B7_2017_Final.pdf,OK,200,,
1154,ΚΑΝΕΠΕ 2017 — Κεφάλαιο 9 — ΕΛΕΓΧΟΙ ΑΣΦΑΛΕΙΑΣ,regulation,https://oasp.gr/userfiles/%CE%9A%CE%91%CE%9D_%CE%95%CE%A0%CE%95__2%CE%B7%20%CE%91%CE%BD%CE%B1%CE%B8%CE%B5%CF%8E%CF%81%CE%B7%CF%83%CE%B7_2017_Final.pdf,OK,200,,
1155,ΚΑΝΕΠΕ 2017 — Κεφάλαιο 10 — ΑΠΑΙΤΟΥΜΕΝΑ ΠΕΡΙΕΧΟΜΕΝΑ ΜΕΛΕΤΗΣ,regulation,https://oasp.gr/userfiles/%CE%9A%CE%91%CE%9D_%CE%95%CE%A0%CE%95__2%CE%B7%20%CE%91%CE%BD%CE%B1%CE%B8%CE%B5%CF%8E%CF%81%CE%B7%CF%83%CE%B7_2017_Final.pdf,OK,200,,
1156,ΚΑΝΕΠΕ 2017 — Κεφάλαιο 11 — ΚΑΤΑΣΚΕΥΗ – ΔΙΑΣΦΑΛΙΣΗ ΠΟΙΟΤΗΤΑΣ – ΣΥΝΤΗΡΗ,regulation,https://oasp.gr/userfiles/%CE%9A%CE%91%CE%9D_%CE%95%CE%A0%CE%95__2%CE%B7%20%CE%91%CE%BD%CE%B1%CE%B8%CE%B5%CF%8E%CF%81%CE%B7%CF%83%CE%B7_2017_Final.pdf,OK,200,,
1157,"Διατηρητέα Κτίρια — Επιτρεπόμενες Επεμβάσεις και Ενίσχυση (ΝΟΚ, Ν.3028",reference,https://www.e-nomothesia.gr/kat-arxaiotites/n-3028-2002.html,OK,200,,
1483,Ευθύνη Εργολάβου και Επιβλέποντα Μηχανικού μετά την Παράδοση Έργου,reference,https://www.e-nomothesia.gr/kat-kodikes-nomothesias/pd-456-1984-2.html,OK,200,,
1484,Σύμβαση Αποφυγής Διπλής Φορολογίας Ελλάδας-ΗΠΑ,reference,https://www.lawspot.gr/nomothesia/nomos-4172-2013/,OK,200,,
1485,Σύμβαση Αποφυγής Διπλής Φορολογίας Ελλάδας-Ηνωμένου Βασιλείου,reference,https://www.lawspot.gr/nomothesia/nomos-4172-2013/,OK,200,,
1486,"Φορολογικός Έλεγχος: Τραπεζικές Καταθέσεις, Revolut και Μεταφορές από ",reference,https://www.aade.gr/egkyklioi-kai-apofaseis,OK,200,,
1523,Αυθαίρετες Παραβάσεις και Μεταβίβαση Ακινήτου — Τι Τακτοποιείται και Τ,reference,https://www.e-nomothesia.gr/kat-periballon/oikodomes/nomos-4495-2017-fek-167a-3-11-2017.html,OK,200,,
1524,"Κατασκευαστικά Προβλήματα μετά Παράδοση — Ρωγμές, Υγρασία, Καθίζηση: Ν",reference,https://www.e-nomothesia.gr/kat-kodikes-nomothesias/pd-456-1984-2.html,OK,200,,
1525,"myDATA και VIES για Διεθνείς Συναλλαγές — SaaS, B2B ΕΕ, B2C ΕΕ, ΗΠΑ",reference,https://ia37rg02wpsa01.blob.core.windows.net/fek/01/2024/20240100162.pdf,OK,200,,
1660,Ν.4067/2012 (ΦΕΚ Α 79/2012) — Νέος Οικοδομικός Κανονισμός — άρθρα 1-10,law,https://www.e-nomothesia.gr/kat-periballon/oikodomes/n-4067-2012.html,OK,200,,
1661,Ν.4067/2012 (ΦΕΚ Α 79/2012) — Νέος Οικοδομικός Κανονισμός — άρθρα 11-2,law,https://www.e-nomothesia.gr/kat-periballon/oikodomes/n-4067-2012.html,OK,200,,
1662,Ν.4067/2012 (ΦΕΚ Α 79/2012) — Νέος Οικοδομικός Κανονισμός — άρθρα 24-4,law,https://www.e-nomothesia.gr/kat-periballon/oikodomes/n-4067-2012.html,OK,200,,
1699,Ειδικό Σήμα Λειτουργίας Τουριστικού Καταλύματος — Απαιτήσεις,,https://www.e-nomothesia.gr/kat-tourismos/n-4276-2014.html,OK,200,,
1700,Αμφισβήτηση Δασικού Χάρτη — Ένσταση για Ιδιοκτησία με Παλαιότερους Τίτ,,https://www.e-nomothesia.gr/kat-dasos-thera/n-3889-2010.html,OK,200,,
1701,Συμπληρωματικές Εργασίες σε Δημόσιο Έργο — Προϋποθέσεις Έγκρισης,,https://eadhsy.gr/n4412/n4412fulltextlinks.html,OK,200,,
1702,Υποχρεώσεις Αναφοράς για Ξένη Επένδυση σε Ελληνική ΙΚΕ,,https://www.e-nomothesia.gr/kat-egklema-organomeno/nomos-4557-2018-phek-139a-30-7-2018.html,OK,200,,
1703,Συγχώνευση Δύο ΙΚΕ — Διαδικασία και Διαφορά από Μετατροπή,,https://www.e-nomothesia.gr/kat-epikheireseis/nomos-4601-2019-phek-44a-9-3-2019.html,OK,200,,
2032,esoteriki_simeiosi_fotovoltaika.txt,upload,/app/uploads/7/projects/3/08dc97849507b942192e4ad6b65ae6a19cc76b168c8ef2de6e75e880473d6bf4_esoteriki_simeiosi_fotovoltaika.txt,DEAD_NO_RESPONSE,,,UnsupportedProtocol: Request URL is missing an 'http://' or 'https://' protocol.
3556,Α 121/2026,law,https://ia37rg02wpsa01.blob.core.windows.net/fek/01/2026/20260100121.pdf,OK,200,,
3557,Α 122/2026,law,https://ia37rg02wpsa01.blob.core.windows.net/fek/01/2026/20260100122.pdf,OK,200,,
3558,Δ 627/2026,circular,https://ia37rg02wpsa01.blob.core.windows.net/fek/04/2026/20260400627.pdf,OK,200,,
3559,Δ 626/2026,circular,https://ia37rg02wpsa01.blob.core.windows.net/fek/04/2026/20260400626.pdf,OK,200,,
3560,Δ 621/2026,circular,https://ia37rg02wpsa01.blob.core.windows.net/fek/04/2026/20260400621.pdf,OK,200,,
3561,Δ 620/2026,circular,https://ia37rg02wpsa01.blob.core.windows.net/fek/04/2026/20260400620.pdf,OK,200,,
3562,Α 120/2026,law,https://ia37rg02wpsa01.blob.core.windows.net/fek/01/2026/20260100120.pdf,OK,200,,
3563,Α 119/2026,law,https://ia37rg02wpsa01.blob.core.windows.net/fek/01/2026/20260100119.pdf,OK,200,,
3564,Δ 618/2026,circular,https://ia37rg02wpsa01.blob.core.windows.net/fek/04/2026/20260400618.pdf,OK,200,,
3565,Δ 617/2026,circular,https://ia37rg02wpsa01.blob.core.windows.net/fek/04/2026/20260400617.pdf,OK,200,,
3566,Δ 619/2026,circular,https://ia37rg02wpsa01.blob.core.windows.net/fek/04/2026/20260400619.pdf,OK,200,,
3567,Δ 622/2026,circular,https://ia37rg02wpsa01.blob.core.windows.net/fek/04/2026/20260400622.pdf,OK,200,,
3568,Δ 623/2026,circular,https://ia37rg02wpsa01.blob.core.windows.net/fek/04/2026/20260400623.pdf,OK,200,,
3569,Α 118/2026,law,https://ia37rg02wpsa01.blob.core.windows.net/fek/01/2026/20260100118.pdf,OK,200,,
3570,Δ 614/2026,circular,https://ia37rg02wpsa01.blob.core.windows.net/fek/04/2026/20260400614.pdf,OK,200,,
3571,Δ 615/2026,circular,https://ia37rg02wpsa01.blob.core.windows.net/fek/04/2026/20260400615.pdf,OK,200,,
3572,Δ 613/2026,circular,https://ia37rg02wpsa01.blob.core.windows.net/fek/04/2026/20260400613.pdf,OK,200,,
3573,Δ 616/2026,circular,https://ia37rg02wpsa01.blob.core.windows.net/fek/04/2026/20260400616.pdf,OK,200,,
3574,Δ 611/2026,circular,https://ia37rg02wpsa01.blob.core.windows.net/fek/04/2026/20260400611.pdf,OK,200,,
3575,Δ 612/2026,circular,https://ia37rg02wpsa01.blob.core.windows.net/fek/04/2026/20260400612.pdf,OK,200,,
3576,Δ 610/2026,circular,https://ia37rg02wpsa01.blob.core.windows.net/fek/04/2026/20260400610.pdf,OK,200,,
3577,Α 117/2026,law,https://ia37rg02wpsa01.blob.core.windows.net/fek/01/2026/20260100117.pdf,OK,200,,
3578,Α 116/2026,law,https://ia37rg02wpsa01.blob.core.windows.net/fek/01/2026/20260100116.pdf,OK,200,,
3579,Δ 595/2026,circular,https://ia37rg02wpsa01.blob.core.windows.net/fek/04/2026/20260400595.pdf,OK,200,,
3580,Δ 592/2026,circular,https://ia37rg02wpsa01.blob.core.windows.net/fek/04/2026/20260400592.pdf,OK,200,,
3581,Δ 608/2026,circular,https://ia37rg02wpsa01.blob.core.windows.net/fek/04/2026/20260400608.pdf,OK,200,,
3582,Δ 605/2026,circular,https://ia37rg02wpsa01.blob.core.windows.net/fek/04/2026/20260400605.pdf,OK,200,,
3583,Δ 591/2026,circular,https://ia37rg02wpsa01.blob.core.windows.net/fek/04/2026/20260400591.pdf,OK,200,,
3584,Δ 590/2026,circular,https://ia37rg02wpsa01.blob.core.windows.net/fek/04/2026/20260400590.pdf,OK,200,,
3585,Δ 604/2026,circular,https://ia37rg02wpsa01.blob.core.windows.net/fek/04/2026/20260400604.pdf,OK,200,,
3586,Δ 609/2026,circular,https://ia37rg02wpsa01.blob.core.windows.net/fek/04/2026/20260400609.pdf,OK,200,,
3587,Δ 606/2026,circular,https://ia37rg02wpsa01.blob.core.windows.net/fek/04/2026/20260400606.pdf,OK,200,,
3588,Δ 602/2026,circular,https://ia37rg02wpsa01.blob.core.windows.net/fek/04/2026/20260400602.pdf,OK,200,,
3589,Δ 600/2026,circular,https://ia37rg02wpsa01.blob.core.windows.net/fek/04/2026/20260400600.pdf,OK,200,,
3590,Δ 597/2026,circular,https://ia37rg02wpsa01.blob.core.windows.net/fek/04/2026/20260400597.pdf,OK,200,,
3591,Δ 607/2026,circular,https://ia37rg02wpsa01.blob.core.windows.net/fek/04/2026/20260400607.pdf,OK,200,,
3592,Δ 603/2026,circular,https://ia37rg02wpsa01.blob.core.windows.net/fek/04/2026/20260400603.pdf,OK,200,,
3593,Α 115/2026,law,https://ia37rg02wpsa01.blob.core.windows.net/fek/01/2026/20260100115.pdf,OK,200,,
3594,Δ 596/2026,circular,https://ia37rg02wpsa01.blob.core.windows.net/fek/04/2026/20260400596.pdf,OK,200,,
3595,Δ 601/2026,circular,https://ia37rg02wpsa01.blob.core.windows.net/fek/04/2026/20260400601.pdf,OK,200,,
3596,Δ 598/2026,circular,https://ia37rg02wpsa01.blob.core.windows.net/fek/04/2026/20260400598.pdf,OK,200,,
3597,Δ 593/2026,circular,https://ia37rg02wpsa01.blob.core.windows.net/fek/04/2026/20260400593.pdf,OK,200,,
3598,Δ 599/2026,circular,https://ia37rg02wpsa01.blob.core.windows.net/fek/04/2026/20260400599.pdf,OK,200,,
3599,Δ 589/2026,circular,https://ia37rg02wpsa01.blob.core.windows.net/fek/04/2026/20260400589.pdf,OK,200,,
3600,Δ 594/2026,circular,https://ia37rg02wpsa01.blob.core.windows.net/fek/04/2026/20260400594.pdf,OK,200,,
3601,Δ 580/2026,circular,https://ia37rg02wpsa01.blob.core.windows.net/fek/04/2026/20260400580.pdf,OK,200,,
3602,Α 114/2026,law,https://ia37rg02wpsa01.blob.core.windows.net/fek/01/2026/20260100114.pdf,OK,200,,
3603,Δ 586/2026,circular,https://ia37rg02wpsa01.blob.core.windows.net/fek/04/2026/20260400586.pdf,OK,200,,
3604,Δ 583/2026,circular,https://ia37rg02wpsa01.blob.core.windows.net/fek/04/2026/20260400583.pdf,OK,200,,
3605,Δ 579/2026,circular,https://ia37rg02wpsa01.blob.core.windows.net/fek/04/2026/20260400579.pdf,OK,200,,
3606,Δ 588/2026,circular,https://ia37rg02wpsa01.blob.core.windows.net/fek/04/2026/20260400588.pdf,OK,200,,
3607,Δ 582/2026,circular,https://ia37rg02wpsa01.blob.core.windows.net/fek/04/2026/20260400582.pdf,OK,200,,
3608,Δ 585/2026,circular,https://ia37rg02wpsa01.blob.core.windows.net/fek/04/2026/20260400585.pdf,OK,200,,
3609,Δ 581/2026,circular,https://ia37rg02wpsa01.blob.core.windows.net/fek/04/2026/20260400581.pdf,OK,200,,
3610,Δ 587/2026,circular,https://ia37rg02wpsa01.blob.core.windows.net/fek/04/2026/20260400587.pdf,OK,200,,
3611,Δ 584/2026,circular,https://ia37rg02wpsa01.blob.core.windows.net/fek/04/2026/20260400584.pdf,OK,200,,
3612,Α 112/2026,law,https://ia37rg02wpsa01.blob.core.windows.net/fek/01/2026/20260100112.pdf,OK,200,,
3613,Α 113/2026,law,https://ia37rg02wpsa01.blob.core.windows.net/fek/01/2026/20260100113.pdf,OK,200,,
3614,Α 110/2026,law,https://ia37rg02wpsa01.blob.core.windows.net/fek/01/2026/20260100110.pdf,OK,200,,
3615,Α 111/2026,law,https://ia37rg02wpsa01.blob.core.windows.net/fek/01/2026/20260100111.pdf,OK,200,,
3616,Δ 566/2026,circular,https://ia37rg02wpsa01.blob.core.windows.net/fek/04/2026/20260400566.pdf,OK,200,,
3617,Δ 576/2026,circular,https://ia37rg02wpsa01.blob.core.windows.net/fek/04/2026/20260400576.pdf,OK,200,,
3618,Δ 578/2026,circular,https://ia37rg02wpsa01.blob.core.windows.net/fek/04/2026/20260400578.pdf,OK,200,,
3619,Δ 577/2026,circular,https://ia37rg02wpsa01.blob.core.windows.net/fek/04/2026/20260400577.pdf,OK,200,,
3620,Δ 573/2026,circular,https://ia37rg02wpsa01.blob.core.windows.net/fek/04/2026/20260400573.pdf,OK,200,,
3621,Δ 567/2026,circular,https://ia37rg02wpsa01.blob.core.windows.net/fek/04/2026/20260400567.pdf,OK,200,,
3622,Δ 570/2026,circular,https://ia37rg02wpsa01.blob.core.windows.net/fek/04/2026/20260400570.pdf,OK,200,,
3623,Δ 565/2026,circular,https://ia37rg02wpsa01.blob.core.windows.net/fek/04/2026/20260400565.pdf,OK,200,,
3624,Δ 569/2026,circular,https://ia37rg02wpsa01.blob.core.windows.net/fek/04/2026/20260400569.pdf,OK,200,,
3625,Δ 575/2026,circular,https://ia37rg02wpsa01.blob.core.windows.net/fek/04/2026/20260400575.pdf,OK,200,,
3626,Δ 572/2026,circular,https://ia37rg02wpsa01.blob.core.windows.net/fek/04/2026/20260400572.pdf,OK,200,,
3627,Δ 574/2026,circular,https://ia37rg02wpsa01.blob.core.windows.net/fek/04/2026/20260400574.pdf,OK,200,,
3628,Δ 571/2026,circular,https://ia37rg02wpsa01.blob.core.windows.net/fek/04/2026/20260400571.pdf,OK,200,,
3629,Δ 568/2026,circular,https://ia37rg02wpsa01.blob.core.windows.net/fek/04/2026/20260400568.pdf,OK,200,,
3630,Α 108/2026,law,https://ia37rg02wpsa01.blob.core.windows.net/fek/01/2026/20260100108.pdf,OK,200,,
3631,Α 109/2026,law,https://ia37rg02wpsa01.blob.core.windows.net/fek/01/2026/20260100109.pdf,OK,200,,
3632,Δ 564/2026,circular,https://ia37rg02wpsa01.blob.core.windows.net/fek/04/2026/20260400564.pdf,OK,200,,
3633,Α 106/2026,law,https://ia37rg02wpsa01.blob.core.windows.net/fek/01/2026/20260100106.pdf,OK,200,,
3634,Α 107/2026,law,https://ia37rg02wpsa01.blob.core.windows.net/fek/01/2026/20260100107.pdf,OK,200,,
3635,Δ 555/2026,circular,https://ia37rg02wpsa01.blob.core.windows.net/fek/04/2026/20260400555.pdf,OK,200,,
3636,Δ 551/2026,circular,https://ia37rg02wpsa01.blob.core.windows.net/fek/04/2026/20260400551.pdf,OK,200,,
3637,Δ 561/2026,circular,https://ia37rg02wpsa01.blob.core.windows.net/fek/04/2026/20260400561.pdf,OK,200,,
3638,Δ 556/2026,circular,https://ia37rg02wpsa01.blob.core.windows.net/fek/04/2026/20260400556.pdf,OK,200,,
3639,Δ 550/2026,circular,https://ia37rg02wpsa01.blob.core.windows.net/fek/04/2026/20260400550.pdf,OK,200,,
3640,Δ 553/2026,circular,https://ia37rg02wpsa01.blob.core.windows.net/fek/04/2026/20260400553.pdf,OK,200,,
3641,Δ 558/2026,circular,https://ia37rg02wpsa01.blob.core.windows.net/fek/04/2026/20260400558.pdf,OK,200,,
3642,Δ 549/2026,circular,https://ia37rg02wpsa01.blob.core.windows.net/fek/04/2026/20260400549.pdf,OK,200,,
3643,Δ 548/2026,circular,https://ia37rg02wpsa01.blob.core.windows.net/fek/04/2026/20260400548.pdf,OK,200,,
3644,Δ 552/2026,circular,https://ia37rg02wpsa01.blob.core.windows.net/fek/04/2026/20260400552.pdf,OK,200,,
3645,Δ 554/2026,circular,https://ia37rg02wpsa01.blob.core.windows.net/fek/04/2026/20260400554.pdf,OK,200,,
3646,Δ 559/2026,circular,https://ia37rg02wpsa01.blob.core.windows.net/fek/04/2026/20260400559.pdf,OK,200,,
3647,Δ 557/2026,circular,https://ia37rg02wpsa01.blob.core.windows.net/fek/04/2026/20260400557.pdf,OK,200,,
3648,Δ 562/2026,circular,https://ia37rg02wpsa01.blob.core.windows.net/fek/04/2026/20260400562.pdf,OK,200,,
3649,Δ 563/2026,circular,https://ia37rg02wpsa01.blob.core.windows.net/fek/04/2026/20260400563.pdf,OK,200,,
3650,Δ 560/2026,circular,https://ia37rg02wpsa01.blob.core.windows.net/fek/04/2026/20260400560.pdf,OK,200,,
3651,Α 105/2026,law,https://ia37rg02wpsa01.blob.core.windows.net/fek/01/2026/20260100105.pdf,OK,200,,
3652,Δ 545/2026,circular,https://ia37rg02wpsa01.blob.core.windows.net/fek/04/2026/20260400545.pdf,OK,200,,
3653,Δ 547/2026,circular,https://ia37rg02wpsa01.blob.core.windows.net/fek/04/2026/20260400547.pdf,OK,200,,
3654,Δ 544/2026,circular,https://ia37rg02wpsa01.blob.core.windows.net/fek/04/2026/20260400544.pdf,OK,200,,
3655,Δ 546/2026,circular,https://ia37rg02wpsa01.blob.core.windows.net/fek/04/2026/20260400546.pdf,OK,200,,
3656,e-ΕΦΚΑ - insurance contributions for construction technical works (κοι,guide,https://www.e-efka.gov.gr/el/sychnes-eroteseis/asphalisi-eisphores/ergodotes/apd/koinon-epicheireseon-oikodomotechnikon-ergon,OK,200,,
3657,e-ΕΦΚΑ - registration of private construction technical works (ένσημα/,guide,https://www.e-efka.gov.gr/el/sychnes-eroteseis/asphalisi-eisphores/ergodotes/metroo-ergodoton/elektronikes-yperesies-0/apographe-idiotikon-oikodomotechnikon-ergon-0,OK,200,,
3658,"Δήμος Θάσου - Building Directorate (ΥΔΟΜ) services, permit-category ch",guide,https://www.thassos.gr/%CF%85%CF%80%CE%B7%CF%81%CE%B5%CF%83%CE%B9%CE%B1-%CE%B4%CE%BF%CE%BC%CE%B7%CF%83%CE%B7%CF%83-%CF%85%CE%B4%CE%BF%CE%BC/,OK_REDIRECT,200,https://thassos.gr/dimos/ypiresia-domisis-ydom/,
3659,"Δήμος Δράμας - Building Permits Department (regional, Drama)",guide,https://dimos-dramas.gr/service/dimarchos/genikos-grammateas/dnsi-poleodomias/tm-ekdosis-ikonomikon-adion-elegchou-kataskevon/,OK,200,,
